Workbook
Name o_status: Orders!$H$2:$H$1501
Name o_reason: Orders!$T$2:$T$1501
Name o_order_id: Orders!$A$2:$A$1501
Name o_promised_eta: Orders!$P$2:$P$1501
Name o_actual_min: Orders!$Q$2:$Q$1501
Name o_delay: Orders!$R$2:$R$1501
Name c_id: Calc_Orders!$A$5:$A$1504
Name c_store: Calc_Orders!$B$5:$B$1504
Name c_cust: Calc_Orders!$C$5:$C$1504
Name c_status: Calc_Orders!$D$5:$D$1504
Name c_deliv: Calc_Orders!$E$5:$E$1504
Name c_delay: Calc_Orders!$F$5:$F$1504
Name c_late: Calc_Orders!$G$5:$G$1504
Name c_sev: Calc_Orders!$H$5:$H$1504
Name c_cancel: Calc_Orders!$I$5:$I$1504
Name c_elig: Calc_Orders!$J$5:$J$1504
Name c_group: Calc_Orders!$K$5:$K$1504
Name c_peak: Calc_Orders!$L$5:$L$1504
Name c_peakok: Calc_Orders!$M$5:$M$1504
Name c_rain: Calc_Orders!$N$5:$N$1504
Name c_date: Calc_Orders!$O$5:$O$1504
Name c_hour: Calc_Orders!$P$5:$P$1504
Name c_dmatch: Calc_Orders!$Q$5:$Q$1504
Name c_dorders: Calc_Orders!$R$5:$R$1504
Name c_typ: Calc_Orders!$S$5:$S$1504
Name c_load: Calc_Orders!$T$5:$T$1504
Name c_loadd: Calc_Orders!$U$5:$U$1504
Name c_loadop: Calc_Orders!$V$5:$V$1504
Name c_qall: Calc_Orders!$W$5:$W$1504
Name c_qop: Calc_Orders!$X$5:$X$1504
Name c_pickstore: Calc_Orders!$Y$5:$Y$1504
Name c_slow: Calc_Orders!$Z$5:$Z$1504
Name c_age: Calc_Orders!$AA$5:$AA$1504
Name c_new: Calc_Orders!$AB$5:$AB$1504
Name c_veh: Calc_Orders!$AC$5:$AC$1504
Name c_exp: Calc_Orders!$AD$5:$AD$1504
Name c_homematch: Calc_Orders!$AE$5:$AE$1504
Name c_dist: Calc_Orders!$AF$5:$AF$1504
Name c_prom: Calc_Orders!$AG$5:$AG$1504
Name c_act: Calc_Orders!$AH$5:$AH$1504
Name c_pick: Calc_Orders!$AI$5:$AI$1504
Name c_wait: Calc_Orders!$AJ$5:$AJ$1504
Name c_trav: Calc_Orders!$AK$5:$AK$1504
Name c_sum01: Calc_Orders!$AL$5:$AL$1504
Name c_shp: Calc_Orders!$AM$5:$AM$1504
Name c_shw: Calc_Orders!$AN$5:$AN$1504
Name c_sht: Calc_Orders!$AO$5:$AO$1504
Name c_traf: Calc_Orders!$AP$5:$AP$1504
Name c_event: Calc_Orders!$AQ$5:$AQ$1504
Name c_wpk: Calc_Orders!$AR$5:$AR$1504
Name c_wop: Calc_Orders!$AS$5:$AS$1504
Name c_ppk: Calc_Orders!$AT$5:$AT$1504
Name c_pop: Calc_Orders!$AU$5:$AU$1504
Name c_prpk: Calc_Orders!$AV$5:$AV$1504
Name c_prop: Calc_Orders!$AW$5:$AW$1504
Name c_acpk: Calc_Orders!$AX$5:$AX$1504
Name c_acop: Calc_Orders!$AY$5:$AY$1504
Name c_latedelay: Calc_Orders!$AZ$5:$AZ$1504
Name c_ldpk: Calc_Orders!$BA$5:$BA$1504
Name c_ldop: Calc_Orders!$BB$5:$BB$1504

Sheet Orders
A1: order_id | B1: customer_id | C1: store_id | D1: rider_id | E1: placed_at | F1: promised_delivery_at | G1: actual_delivery_at | H1: order_status | I1: basket_size | J1: item_count | K1: order_value_inr | L1: distance_km | M1: picking_time_min_est | N1: rider_wait_time_min_est | O1: travel_time_min_est | P1: promised_eta_min | Q1: actual_delivery_duration_min | R1: delay_min | S1: on_time_flag | T1: cancellation_reason | U1: order_hour | V1: is_peak_hour | W1: rain_condition | X1: event_day | Y1: traffic_congestion_index
A2: O00001 | B2: C0113 | C2: S010 | D2: R003 | E2: 46279.483 | F2: 46279.491 | G2: 46279.497 | H2: Delivered | I2: 1 | J2: 5 | K2: 947.37 | L2: 0.8 | M2: 7.1 | N2: 7.6 | O2: 5 | P2: 10.7 | Q2: 19.7 | R2: 9 | S2: FALSE | U2: 11 | V2: FALSE | W2: Heavy | X2: FALSE | Y2: 0.36
A3: O00002 | B3: C0091 | C3: S008 | D3: R040 | E3: 46274.769 | F3: 46274.777 | G3: 46274.776 | H3: Delivered | I3: 5 | J3: 9 | K3: 950.19 | L3: 2.77 | M3: 2.3 | N3: 4 | O3: 4.2 | P3: 11.5 | Q3: 10.5 | R3: -1 | S3: TRUE | U3: 18 | V3: FALSE | X3: FALSE | Y3: 0.63
A4: O00003 | B4: C0085 | C4: S003 | D4: R033 | E4: 46272.717 | F4: 46272.724 | G4: 46272.723 | H4: Delivered | I4: 4 | J4: 7 | K4: 343.25 | L4: 2.1 | M4: 2.9 | N4: 2.4 | O4: 4 | P4: 10.2 | Q4: 9.3 | R4: -0.9 | S4: TRUE | U4: 17 | V4: FALSE | X4: TRUE | Y4: 0.54
A5: O00004 | B5: C0159 | C5: S017 | D5: R048 | E5: 46276.785 | F5: 46276.794 | G5: 46276.795 | H5: Delivered | I5: 5 | J5: 5 | K5: 908.19 | L5: 2.63 | M5: 3.2 | N5: 5.3 | O5: 5.6 | P5: 12.2 | Q5: 14.2 | R5: 2 | S5: FALSE | U5: 18 | V5: FALSE | X5: FALSE | Y5: 0.33
A6: O00005 | B6: C0138 | C6: S012 | D6: R003 | E6: 46267.658 | F6: 46267.665 | G6: 46267.664 | H6: Delivered | I6: 1 | J6: 6 | K6: 1441.28 | L6: 4.18 | M6: 2.9 | N6: 1.6 | O6: 4.7 | P6: 10.4 | Q6: 9.2 | R6: -1.2 | S6: TRUE | U6: 15 | V6: FALSE | X6: FALSE | Y6: 0.44
A7: O00006 | B7: C0085 | C7: S003 | D7: R028 | E7: 46276.996 | F7: 46277.003 | G7: 46277.003 | H7: Delivered | I7: 5 | J7: 10 | K7: 904.36 | L7: 1.99 | M7: 2.7 | N7: 4 | O7: 3.9 | P7: 10.9 | Q7: 10.6 | R7: -0.3 | S7: TRUE | U7: 23 | V7: FALSE | X7: FALSE | Y7: 0.59
A8: O00007 | B8: C0072 | C8: S011 | D8: R044 | E8: 46274.403 | F8: 46274.411 | G8: 46274.41 | H8: Delivered | I8: 5 | J8: 11 | K8: 322.36 | L8: 1.61 | M8: 3.9 | N8: 3.7 | O8: 2.3 | P8: 10.7 | Q8: 9.9 | R8: -0.8 | S8: TRUE | U8: 9 | V8: FALSE | X8: FALSE | Y8: 0.38
A9: O00008 | B9: C0171 | C9: S009 | D9: R039 | E9: 46278.914 | F9: 46278.921 | G9: 46278.92 | H9: Delivered | I9: 4 | J9: 5 | K9: 499.35 | L9: 0.5 | M9: 1.5 | N9: 5.8 | O9: 1.7 | P9: 9.7 | Q9: 9 | R9: -0.7 | S9: TRUE | U9: 21 | V9: TRUE | X9: FALSE | Y9: 0.48
A10: O00009 | B10: C0053 | C10: S007 | D10: R044 | E10: 46276.42 | F10: 46276.428 | G10: 46276.427 | H10: Delivered | I10: 5 | J10: 6 | K10: 1383.14 | L10: 1.07 | M10: 3.3 | N10: 4.1 | O10: 3.2 | P10: 10.8 | Q10: 10.6 | R10: -0.2 | S10: TRUE | U10: 10 | V10: FALSE | X10: FALSE | Y10: 0.52
A11: O00010 | B11: C0122 | C11: S005 | D11: R041 | E11: 46279.962 | F11: 46279.969 | G11: 46279.969 | H11: Delivered | I11: 2 | J11: 12 | K11: 1595.36 | L11: 1.86 | M11: 3.4 | N11: 3.7 | O11: 3.3 | P11: 11 | Q11: 10.4 | R11: -0.6 | S11: TRUE | U11: 23 | V11: FALSE | W11: Light | X11: FALSE | Y11: 0.44
A12: O00011 | B12: C0133 | C12: S003 | D12: R046 | E12: 46270.522 | F12: 46270.528 | G12: 46270.528 | H12: Delivered | I12: 2 | J12: 6 | K12: 1248.7 | L12: 1.3 | M12: 2.4 | N12: 3.1 | O12: 2.6 | P12: 8.5 | Q12: 8.1 | R12: -0.4 | S12: TRUE | U12: 12 | V12: FALSE | X12: FALSE | Y12: 0.77
A13: O00012 | B13: C0106 | C13: S015 | D13: R067 | E13: 46266.653 | F13: 46266.659 | G13: 46266.659 | H13: Delivered | I13: 5 | J13: 8 | K13: 731.09 | L13: 0.68 | M13: 4 | N13: 3.6 | O13: 1.8 | P13: 9.6 | Q13: 9.4 | R13: -0.2 | S13: TRUE | U13: 15 | V13: FALSE | X13: FALSE | Y13: 0.14
A14: O00013 | B14: C0173 | C14: S012 | D14: R021 | E14: 46274.485 | F14: 46274.492 | G14: 46274.492 | H14: Delivered | I14: 3 | J14: 5 | K14: 500.07 | L14: 5.25 | M14: 2.6 | N14: 1.2 | O14: 5.3 | P14: 9.8 | Q14: 9.1 | R14: -0.7 | S14: TRUE | U14: 11 | V14: FALSE | W14: Heavy | X14: FALSE | Y14: 0.31
A15: O00014 | B15: C0216 | C15: S011 | D15: R038 | E15: 46277.356 | F15: 46277.363 | G15: 46277.363 | H15: Delivered | I15: 1 | J15: 10 | K15: 1122.83 | L15: 1.52 | M15: 3.1 | N15: 4.3 | O15: 2.6 | P15: 10.9 | Q15: 10 | R15: -0.9 | S15: TRUE | U15: 8 | V15: FALSE | X15: FALSE | Y15: 0.57
A16: O00015 | B16: C0170 | C16: S004 | D16: R011 | E16: 46273.564 | F16: 46273.57 | G16: 46273.57 | H16: Delivered | I16: 3 | J16: 5 | K16: 1284.14 | L16: 1.74 | M16: 1.3 | N16: 1.1 | O16: 6.9 | P16: 9.3 | Q16: 9.3 | R16: 0 | S16: TRUE | U16: 13 | V16: FALSE | W16: Heavy | X16: FALSE | Y16: 0.26
A17: O00016 | B17: C0127 | C17: S015 | D17: R003 | E17: 46269.68 | F17: 46269.688 | G17: 46269.687 | H17: Delivered | I17: 3 | J17: 6 | K17: 871.11 | L17: 2.61 | M17: 3.3 | N17: 2.7 | O17: 4.2 | P17: 11.1 | Q17: 10.2 | R17: -0.9 | S17: TRUE | U17: 16 | V17: FALSE | X17: FALSE | Y17: 0.22
A18: O00017 | B18: C0210 | C18: S019 | D18: R064 | E18: 46278.457 | F18: 46278.463 | G18: 46278.463 | H18: Delivered | I18: 3 | J18: 11 | K18: 317.7 | L18: 2.15 | M18: 3.8 | N18: 2 | O18: 3.1 | P18: 9.4 | Q18: 8.9 | R18: -0.5 | S18: TRUE | U18: 10 | V18: FALSE | X18: FALSE | Y18: 0.44
A19: O00018 | B19: C0092 | C19: S012 | D19: R021 | E19: 46271.672 | F19: 46271.679 | G19: 46271.678 | H19: Delivered | I19: 3 | J19: 15 | K19: 607.45 | L19: 4.52 | M19: 3.1 | N19: 1.7 | O19: 5.2 | P19: 11.1 | Q19: 10 | R19: -1.1 | S19: TRUE | U19: 16 | V19: FALSE | W19: Light | X19: FALSE | Y19: 0.22
A20: O00019 | B20: C0101 | C20: S003 | D20: R016 | E20: 46274.434 | F20: 46274.441 | G20: 46274.441 | H20: Delivered | I20: 3 | J20: 6 | K20: 525.46 | L20: 2.09 | M20: 3.8 | N20: 2.2 | O20: 3.5 | P20: 10.2 | Q20: 9.5 | R20: -0.7 | S20: TRUE | U20: 10 | V20: FALSE | X20: FALSE | Y20: 0.31
A21: O00020 | B21: C0208 | C21: S017 | D21: R020 | E21: 46275.982 | F21: 46275.989 | G21: 46275.989 | H21: Delivered | I21: 2 | J21: 7 | K21: 1336.97 | L21: 1.34 | M21: 2.7 | N21: 4.6 | O21: 2.4 | P21: 10.5 | Q21: 9.7 | R21: -0.8 | S21: TRUE | U21: 23 | V21: FALSE | X21: FALSE | Y21: 0.35
A22: O00021 | B22: C0073 | C22: S003 | D22: R006 | E22: 46268.641 | F22: 46268.65 | G22: 46268.649 | H22: Delivered | I22: 6 | J22: 6 | K22: 674.26 | L22: 2.1 | M22: 2.7 | N22: 4.8 | O22: 3.9 | P22: 12.4 | Q22: 11.4 | R22: -1 | S22: TRUE | U22: 15 | V22: FALSE | X22: FALSE | Y22: 0.51
A23: O00022 | B23: C0173 | C23: S012 | D23: R070 | E23: 46279.917 | F23: 46279.925 | G23: 46279.924 | H23: Delivered | I23: 5 | J23: 10 | K23: 1648.63 | L23: 1.45 | M23: 4.3 | N23: 3.9 | O23: 2.6 | P23: 11.4 | Q23: 10.8 | R23: -0.6 | S23: TRUE | U23: 22 | V23: FALSE | W23: Light | X23: FALSE | Y23: 0.29
A24: O00023 | B24: C0070 | C24: S020 | D24: R026 | E24: 46274.967 | F24: 46274.974 | G24: 46274.978 | H24: Delivered | I24: 3 | J24: 7 | K24: 906.38 | L24: 2.35 | M24: 6.6 | N24: 3.7 | O24: 6.4 | P24: 10.7 | Q24: 16.8 | R24: 6.1 | S24: FALSE | U24: 23 | V24: FALSE | X24: FALSE | Y24: 0.68
A25: O00024 | B25: C0034 | C25: S002 | D25: R039 | E25: 46273.882 | F25: 46273.889 | G25: 46273.891 | H25: Delivered | I25: 2 | J25: 5 | K25: 848.05 | L25: 0.5 | M25: 3.2 | N25: 7.7 | O25: 2 | P25: 10.6 | Q25: 12.9 | R25: 2.3 | S25: FALSE | U25: 21 | V25: TRUE | X25: FALSE | Y25: 0.32
A26: O00025 | B26: C0141 | C26: S009 | D26: R048 | E26: 46268.605 | F26: 46268.612 | G26: 46268.614 | H26: Delivered | I26: 2 | J26: 6 | K26: 1361.45 | L26: 2.44 | M26: 2.5 | N26: 5.6 | O26: 5.7 | P26: 9.8 | Q26: 13.8 | R26: 4 | S26: FALSE | U26: 14 | V26: FALSE | X26: FALSE | Y26: 0.51
A27: O00026 | B27: C0172 | C27: S003 | D27: R045 | E27: 46271.781 | F27: 46271.788 | G27: 46271.787 | H27: Delivered | I27: 4 | J27: 11 | K27: 922.47 | L27: 1.72 | M27: 3.3 | N27: 0.7 | O27: 4.3 | P27: 9.3 | Q27: 8.3 | R27: -1 | S27: TRUE | U27: 18 | V27: FALSE | W27: Light | X27: FALSE | Y27: 0.69
A28: O00027 | B28: C0157 | C28: S007 | D28: R077 | E28: 46278.715 | F28: 46278.723 | G28: 46278.722 | H28: Delivered | I28: 5 | J28: 6 | K28: 1123.31 | L28: 0.85 | M28: 4.6 | N28: 4.3 | O28: 2.1 | P28: 12.6 | Q28: 11 | R28: -1.6 | S28: TRUE | U28: 17 | V28: FALSE | X28: FALSE | Y28: 0.19
A29: O00028 | B29: C0050 | C29: S001 | D29: R067 | E29: 46276.477 | F29: 46276.484 | G29: 46276.484 | H29: Delivered | I29: 6 | J29: 11 | K29: 1549.03 | L29: 1.12 | M29: 4.8 | N29: 1.4 | O29: 3.6 | P29: 10.2 | Q29: 9.8 | R29: -0.4 | S29: TRUE | U29: 11 | V29: FALSE | X29: FALSE | Y29: 0.51
A30: O00029 | B30: C0160 | C30: S016 | D30: R019 | E30: 46269.489 | F30: 46269.497 | G30: 46269.497 | H30: Delivered | I30: 2 | J30: 4 | K30: 1251.96 | L30: 0.91 | M30: 7.3 | N30: 1.2 | O30: 2.7 | P30: 11.5 | Q30: 11.2 | R30: -0.3 | S30: TRUE | U30: 11 | V30: FALSE | X30: FALSE | Y30: 0.4
A31: O00030 | B31: C0115 | C31: S019 | D31: R006 | E31: 46279.392 | F31: 46279.4 | G31: 46279.402 | H31: Delivered | I31: 2 | J31: 2 | K31: 1536.48 | L31: 0.75 | M31: 4 | N31: 6.4 | O31: 3.8 | P31: 10.8 | Q31: 14.3 | R31: 3.5 | S31: FALSE | U31: 9 | V31: FALSE | W31: Light | X31: FALSE | Y31: 0.42
A32: O00031 | B32: C0107 | C32: S016 | D32: R058 | E32: 46272.708 | F32: 46272.716 | G32: 46272.716 | H32: Delivered | I32: 4 | J32: 7 | K32: 1300.65 | L32: 1.66 | M32: 3.7 | N32: 3.1 | O32: 3.6 | P32: 10.8 | Q32: 10.4 | R32: -0.4 | S32: TRUE | U32: 17 | V32: FALSE | W32: Light | X32: FALSE | Y32: 0.3
A33: O00032 | B33: C0048 | C33: S002 | D33: R044 | E33: 46267.875 | F33: 46267.882 | G33: 46267.882 | H33: Delivered | I33: 3 | J33: 4 | K33: 1355.56 | L33: 1.17 | M33: 1.4 | N33: 5.1 | O33: 2.9 | P33: 9.9 | Q33: 9.4 | R33: -0.5 | S33: TRUE | U33: 21 | V33: TRUE | X33: FALSE | Y33: 0.6
A34: O00033 | B34: C0006 | C34: S005 | D34: R054 | E34: 46279.79 | F34: 46279.798 | G34: 46279.798 | H34: Delivered | I34: 4 | J34: 4 | K34: 807.5 | L34: 2.62 | M34: 2.7 | N34: 4.2 | O34: 4.1 | P34: 11.7 | Q34: 11 | R34: -0.7 | S34: TRUE | U34: 18 | V34: FALSE | X34: FALSE | Y34: 0.27
A35: O00034 | B35: C0126 | C35: S018 | D35: R021 | E35: 46269.374 | F35: 46269.38 | G35: 46269.38 | H35: Delivered | I35: 3 | J35: 7 | K35: 1553.14 | L35: 2.18 | M35: 3.3 | N35: 2.5 | O35: 3.4 | P35: 9.6 | Q35: 9.2 | R35: -0.4 | S35: TRUE | U35: 8 | V35: FALSE | X35: FALSE | Y35: 0.42
A36: O00035 | B36: C0154 | C36: S005 | D36: R030 | E36: 46269.549 | F36: 46269.557 | G36: 46269.556 | H36: Delivered | I36: 1 | J36: 8 | K36: 883.76 | L36: 1.82 | M36: 3.4 | N36: 0 | O36: 6.8 | P36: 10.6 | Q36: 10.2 | R36: -0.4 | S36: TRUE | U36: 13 | V36: FALSE | W36: Heavy | X36: FALSE | Y36: 0.97
A37: O00036 | B37: C0246 | C37: S001 | D37: R059 | E37: 46269.549 | F37: 46269.556 | G37: 46269.558 | H37: Delivered | I37: 5 | J37: 10 | K37: 511.05 | L37: 1.67 | M37: 3.9 | N37: 2.9 | O37: 5.2 | P37: 9.3 | Q37: 11.9 | R37: 2.6 | S37: FALSE | U37: 13 | V37: FALSE | X37: FALSE | Y37: 0.39
A38: O00037 | B38: C0109 | C38: S016 | E38: 46272.425 | F38: 46272.432 | H38: Cancelled | I38: 3 | J38: 3 | K38: 390.18 | L38: 2.6 | M38: 5.1 | N38: 1.4 | O38: 7.2 | P38: 10.4 | T38: Rider unavailable | U38: 10 | V38: FALSE | W38: Heavy | X38: FALSE | Y38: 0.09
A39: O00038 | B39: C0204 | C39: S016 | D39: R063 | E39: 46270.881 | F39: 46270.887 | G39: 46270.887 | H39: Delivered | I39: 1 | J39: 7 | K39: 1720.92 | L39: 2.6 | M39: 2.4 | N39: 2.4 | O39: 2.8 | P39: 8.4 | Q39: 7.6 | R39: -0.8 | S39: TRUE | U39: 21 | V39: TRUE | X39: FALSE | Y39: 0.85
A40: O00039 | B40: C0076 | C40: S014 | D40: R072 | E40: 46267.908 | F40: 46267.914 | G40: 46267.924 | H40: Delivered | I40: 3 | J40: 4 | K40: 960.9 | L40: 1.67 | M40: 6.6 | N40: 10.7 | O40: 6.1 | P40: 9.7 | Q40: 23.4 | R40: 13.7 | S40: FALSE | U40: 21 | V40: TRUE | X40: FALSE | Y40: 0.81
A41: O00040 | B41: C0094 | C41: S014 | D41: R028 | E41: 46274.8 | F41: 46274.807 | G41: 46274.806 | H41: Delivered | I41: 3 | J41: 8 | K41: 897.1 | L41: 3.06 | M41: 2.4 | N41: 2.7 | O41: 3.9 | P41: 9.8 | Q41: 9 | R41: -0.8 | S41: TRUE | U41: 19 | V41: TRUE | W41: Heavy | X41: FALSE | Y41: 0.53
A42: O00041 | B42: C0156 | C42: S005 | D42: R036 | E42: 46277.608 | F42: 46277.615 | G42: 46277.614 | H42: Delivered | I42: 1 | J42: 9 | K42: 929.96 | L42: 2.35 | M42: 3.5 | N42: 2.1 | O42: 4.2 | P42: 10.3 | Q42: 9.8 | R42: -0.5 | S42: TRUE | U42: 14 | V42: FALSE | X42: FALSE | Y42: 0.56
A43: O00042 | B43: C0206 | C43: S002 | D43: R026 | E43: 46269.537 | F43: 46269.544 | G43: 46269.544 | H43: Delivered | I43: 6 | J43: 6 | K43: 1207.39 | L43: 0.57 | M43: 3.5 | N43: 3.6 | O43: 2.2 | P43: 9.6 | Q43: 9.3 | R43: -0.3 | S43: TRUE | U43: 12 | V43: FALSE | X43: FALSE | Y43: 0.35
A44: O00043 | B44: C0048 | C44: S017 | D44: R078 | E44: 46276.501 | F44: 46276.508 | G44: 46276.508 | H44: Delivered | I44: 6 | J44: 9 | K44: 565.07 | L44: 1.91 | M44: 1.8 | N44: 4.4 | O44: 4.1 | P44: 10.6 | Q44: 10.3 | R44: -0.3 | S44: TRUE | U44: 12 | V44: FALSE | X44: FALSE | Y44: 0.8
A45: O00044 | B45: C0236 | C45: S016 | D45: R029 | E45: 46278.877 | F45: 46278.883 | G45: 46278.882 | H45: Delivered | I45: 2 | J45: 2 | K45: 723.32 | L45: 0.5 | M45: 2.8 | N45: 3.8 | O45: 1.1 | P45: 8.7 | Q45: 7.7 | R45: -1 | S45: TRUE | U45: 21 | V45: TRUE | X45: FALSE | Y45: 0.52
A46: O00045 | B46: C0109 | C46: S011 | D46: R038 | E46: 46279.6 | F46: 46279.606 | G46: 46279.606 | H46: Delivered | I46: 1 | J46: 8 | K46: 502.04 | L46: 3.3 | M46: 2.7 | N46: 2.5 | O46: 3.8 | P46: 9.3 | Q46: 9 | R46: -0.3 | S46: TRUE | U46: 14 | V46: FALSE | X46: FALSE | Y46: 0.53
A47: O00046 | B47: C0016 | C47: S017 | D47: R068 | E47: 46278.462 | F47: 46278.47 | G47: 46278.47 | H47: Delivered | I47: 1 | J47: 8 | K47: 405.14 | L47: 3.96 | M47: 1.6 | N47: 2.5 | O47: 7.4 | P47: 12.4 | Q47: 11.5 | R47: -0.9 | S47: TRUE | U47: 11 | V47: FALSE | X47: FALSE | Y47: 0.69
A48: O00047 | B48: C0032 | C48: S003 | D48: R063 | E48: 46266.647 | F48: 46266.653 | G48: 46266.652 | H48: Delivered | I48: 2 | J48: 5 | K48: 666.35 | L48: 0.82 | M48: 2.2 | N48: 3.2 | O48: 2.2 | P48: 8.7 | Q48: 7.6 | R48: -1.1 | S48: TRUE | U48: 15 | V48: FALSE | X48: FALSE | Y48: 0.29
A49: O00048 | B49: C0103 | C49: S007 | D49: R047 | E49: 46266.732 | F49: 46266.739 | G49: 46266.742 | H49: Delivered | I49: 5 | J49: 6 | K49: 1049.02 | L49: 2.69 | M49: 5.5 | N49: 2.7 | O49: 6.4 | P49: 10.5 | Q49: 14.6 | R49: 4.1 | S49: FALSE | U49: 17 | V49: FALSE | X49: FALSE | Y49: 0.5
A50: O00049 | B50: C0210 | C50: S019 | D50: R050 | E50: 46272.514 | F50: 46272.521 | G50: 46272.521 | H50: Delivered | I50: 3 | J50: 4 | K50: 884.69 | L50: 0.91 | M50: 3.4 | N50: 3.5 | O50: 3.1 | P50: 10.9 | Q50: 10 | R50: -0.9 | S50: TRUE | U50: 12 | V50: FALSE | W50: Light | X50: FALSE | Y50: 0.43
A51: O00050 | B51: C0146 | C51: S007 | D51: R051 | E51: 46266.477 | F51: 46266.483 | G51: 46266.482 | H51: Delivered | I51: 3 | J51: 9 | K51: 1249.82 | L51: 0.5 | M51: 3.4 | N51: 2 | O51: 1.9 | P51: 8.3 | Q51: 7.3 | R51: -1 | S51: TRUE | U51: 11 | V51: FALSE | X51: FALSE | Y51: 0.5
A52: O00051 | B52: C0171 | C52: S004 | D52: R013 | E52: 46268.589 | F52: 46268.596 | G52: 46268.595 | H52: Delivered | I52: 4 | J52: 7 | K52: 801.49 | L52: 0.5 | M52: 3.2 | N52: 4.7 | O52: 1.4 | P52: 10.4 | Q52: 9.3 | R52: -1.1 | S52: TRUE | U52: 14 | V52: FALSE | X52: FALSE | Y52: 0.14
A53: O00052 | B53: C0190 | C53: S013 | D53: R053 | E53: 46267.615 | F53: 46267.623 | G53: 46267.623 | H53: Delivered | I53: 3 | J53: 8 | K53: 1678.25 | L53: 2.08 | M53: 5.4 | N53: 1.3 | O53: 4.1 | P53: 11.6 | Q53: 10.8 | R53: -0.8 | S53: TRUE | U53: 14 | V53: FALSE | X53: FALSE | Y53: 0.27
A54: O00053 | B54: C0156 | C54: S015 | D54: R057 | E54: 46275.462 | F54: 46275.469 | G54: 46275.468 | H54: Delivered | I54: 2 | J54: 4 | K54: 1538.87 | L54: 0.9 | M54: 4.7 | N54: 1.9 | O54: 2.6 | P54: 9.8 | Q54: 9.1 | R54: -0.7 | S54: TRUE | U54: 11 | V54: FALSE | X54: FALSE | Y54: 0.25
A55: O00054 | B55: C0227 | C55: S009 | D55: R069 | E55: 46268.738 | F55: 46268.745 | G55: 46268.744 | H55: Delivered | I55: 3 | J55: 3 | K55: 699.32 | L55: 0.8 | M55: 3.3 | N55: 4.2 | O55: 2.2 | P55: 10.7 | Q55: 9.7 | R55: -1 | S55: TRUE | U55: 17 | V55: FALSE | X55: FALSE | Y55: 0.24
A56: O00055 | B56: C0153 | C56: S008 | D56: R023 | E56: 46271.551 | F56: 46271.558 | G56: 46271.558 | H56: Delivered | I56: 3 | J56: 7 | K56: 678.55 | L56: 2.53 | M56: 2.3 | N56: 3.3 | O56: 3.6 | P56: 10.1 | Q56: 9.2 | R56: -0.9 | S56: TRUE | U56: 13 | V56: FALSE | X56: TRUE | Y56: 0.64
A57: O00056 | B57: C0189 | C57: S011 | D57: R077 | E57: 46268.688 | F57: 46268.695 | G57: 46268.695 | H57: Delivered | I57: 3 | J57: 11 | K57: 1065.98 | L57: 3.3 | M57: 3.1 | N57: 2.9 | O57: 4.9 | P57: 11.5 | Q57: 10.9 | R57: -0.6 | S57: TRUE | U57: 16 | V57: FALSE | W57: Light | X57: FALSE | Y57: 0.48
A58: O00057 | B58: C0173 | C58: S002 | D58: R046 | E58: 46266.36 | F58: 46266.367 | G58: 46266.37 | H58: Delivered | I58: 3 | J58: 5 | K58: 1356.14 | L58: 0.89 | M58: 2.6 | N58: 6.9 | O58: 5.6 | P58: 10 | Q58: 15.1 | R58: 5.1 | S58: FALSE | U58: 8 | V58: FALSE | W58: Heavy | X58: FALSE | Y58: 0.5
A59: O00058 | B59: C0142 | C59: S001 | D59: R058 | E59: 46268.374 | F59: 46268.381 | G59: 46268.38 | H59: Delivered | I59: 5 | J59: 5 | K59: 565.86 | L59: 4.3 | M59: 2.4 | N59: 1.9 | O59: 5.3 | P59: 10.6 | Q59: 9.6 | R59: -1 | S59: TRUE | U59: 8 | V59: FALSE | X59: FALSE | Y59: 0.5
A60: O00059 | B60: C0120 | C60: S011 | D60: R063 | E60: 46271.499 | F60: 46271.505 | G60: 46271.513 | H60: Delivered | I60: 5 | J60: 8 | K60: 1382.47 | L60: 3.3 | M60: 6.1 | N60: 4.8 | O60: 10.2 | P60: 9.7 | Q60: 21.1 | R60: 11.4 | S60: FALSE | U60: 11 | V60: FALSE | W60: Heavy | X60: FALSE | Y60: 0.52
A61: O00060 | B61: C0205 | C61: S006 | D61: R034 | E61: 46275.642 | F61: 46275.649 | G61: 46275.648 | H61: Delivered | I61: 2 | J61: 3 | K61: 1181.85 | L61: 1.03 | M61: 2.9 | N61: 3.5 | O61: 3.1 | P61: 10 | Q61: 9.5 | R61: -0.5 | S61: TRUE | U61: 15 | V61: FALSE | W61: Light | X61: FALSE | Y61: 0.74
A62: O00061 | B62: C0197 | C62: S006 | D62: R004 | E62: 46275.697 | F62: 46275.705 | G62: 46275.704 | H62: Delivered | I62: 3 | J62: 6 | K62: 576.52 | L62: 3.15 | M62: 2.8 | N62: 2 | O62: 5.1 | P62: 10.8 | Q62: 9.9 | R62: -0.9 | S62: TRUE | U62: 16 | V62: FALSE | X62: TRUE | Y62: 0.52
A63: O00062 | B63: C0055 | C63: S002 | D63: R011 | E63: 46276.736 | F63: 46276.744 | G63: 46276.739 | H63: Delivered | I63: 3 | J63: 5 | K63: 614.73 | L63: 1.02 | M63: 1.5 | N63: 0 | O63: 3.2 | P63: 11.6 | Q63: 4.7 | R63: -6.9 | S63: TRUE | U63: 17 | V63: FALSE | X63: FALSE | Y63: 0.32
A64: O00063 | B64: C0179 | C64: S012 | D64: R039 | E64: 46268.387 | F64: 46268.394 | G64: 46268.394 | H64: Delivered | I64: 5 | J64: 13 | K64: 684.44 | L64: 0.5 | M64: 3.9 | N64: 3.8 | O64: 2.1 | P64: 10 | Q64: 9.8 | R64: -0.2 | S64: TRUE | U64: 9 | V64: FALSE | W64: Light | X64: FALSE | Y64: 0.47
A65: O00064 | B65: C0114 | C65: S016 | D65: R029 | E65: 46275.467 | F65: 46275.475 | G65: 46275.48 | H65: Delivered | I65: 5 | J65: 7 | K65: 833.68 | L65: 2.6 | M65: 5.6 | N65: 8.3 | O65: 5.8 | P65: 12.1 | Q65: 19.7 | R65: 7.6 | S65: FALSE | U65: 11 | V65: FALSE | X65: FALSE | Y65: 0.22
A66: O00065 | B66: C0038 | C66: S013 | D66: R011 | E66: 46279.565 | F66: 46279.572 | G66: 46279.572 | H66: Delivered | I66: 3 | J66: 5 | K66: 754.9 | L66: 2.53 | M66: 3.5 | N66: 1.3 | O66: 5 | P66: 10.3 | Q66: 9.8 | R66: -0.5 | S66: TRUE | U66: 13 | V66: FALSE | W66: Light | X66: FALSE | Y66: 0.54
A67: O00066 | B67: C0115 | C67: S019 | D67: R009 | E67: 46276.983 | F67: 46276.99 | G67: 46276.992 | H67: Delivered | I67: 4 | J67: 10 | K67: 1149.02 | L67: 0.81 | M67: 4.9 | N67: 3.8 | O67: 3.8 | P67: 9.9 | Q67: 12.4 | R67: 2.5 | S67: FALSE | U67: 23 | V67: FALSE | W67: Light | X67: FALSE | Y67: 0.52
A68: O00067 | B68: C0226 | C68: S006 | D68: R055 | E68: 46269.457 | F68: 46269.463 | G68: 46269.463 | H68: Delivered | I68: 3 | J68: 7 | K68: 1337.63 | L68: 4.08 | M68: 2.4 | N68: 2.2 | O68: 3.7 | P68: 9.4 | Q68: 8.3 | R68: -1.1 | S68: TRUE | U68: 10 | V68: FALSE | X68: FALSE | Y68: 0.43
A69: O00068 | B69: C0197 | C69: S011 | D69: R054 | E69: 46273.764 | F69: 46273.771 | G69: 46273.77 | H69: Delivered | I69: 6 | J69: 6 | K69: 820.83 | L69: 0.5 | M69: 4.5 | N69: 3 | O69: 1.7 | P69: 9.6 | Q69: 9.2 | R69: -0.4 | S69: TRUE | U69: 18 | V69: FALSE | W69: Light | X69: FALSE | Y69: 0.39
A70: O00069 | B70: C0174 | C70: S010 | D70: R038 | E70: 46271.54 | F70: 46271.547 | G70: 46271.547 | H70: Delivered | I70: 3 | J70: 10 | K70: 1352.86 | L70: 3.17 | M70: 2.7 | N70: 3.8 | O70: 4.2 | P70: 10.9 | Q70: 10.7 | R70: -0.2 | S70: TRUE | U70: 12 | V70: FALSE | X70: FALSE | Y70: 0.69
A71: O00070 | B71: C0033 | C71: S016 | D71: R045 | E71: 46271.717 | F71: 46271.723 | G71: 46271.723 | H71: Delivered | I71: 4 | J71: 8 | K71: 1239.76 | L71: 2.11 | M71: 4 | N71: 0.7 | O71: 4 | P71: 9.7 | Q71: 8.7 | R71: -1 | S71: TRUE | U71: 17 | V71: FALSE | X71: FALSE | Y71: 0.44
A72: O00071 | B72: C0102 | C72: S020 | D72: R035 | E72: 46279.736 | F72: 46279.743 | G72: 46279.749 | H72: Delivered | I72: 2 | J72: 6 | K72: 380.13 | L72: 1.94 | M72: 7 | N72: 5.9 | O72: 5 | P72: 9.8 | Q72: 17.9 | R72: 8.1 | S72: FALSE | U72: 17 | V72: FALSE | X72: FALSE | Y72: 0.5
A73: O00072 | B73: C0156 | C73: S015 | D73: R054 | E73: 46277.942 | F73: 46277.95 | G73: 46277.95 | H73: Delivered | I73: 6 | J73: 8 | K73: 1321.47 | L73: 3.47 | M73: 2.5 | N73: 3.6 | O73: 5.6 | P73: 11.9 | Q73: 11.7 | R73: -0.2 | S73: TRUE | U73: 22 | V73: FALSE | W73: Light | X73: FALSE | Y73: 0.46
A74: O00073 | B74: C0014 | C74: S003 | D74: R038 | E74: 46276.688 | F74: 46276.695 | G74: 46276.695 | H74: Delivered | I74: 6 | J74: 10 | K74: 1162.62 | L74: 1.01 | M74: 2.6 | N74: 5.4 | O74: 2.5 | P74: 10.9 | Q74: 10.5 | R74: -0.4 | S74: TRUE | U74: 16 | V74: FALSE | X74: FALSE | Y74: 0.46
A75: O00074 | B75: C0087 | C75: S010 | D75: R042 | E75: 46278.337 | F75: 46278.343 | G75: 46278.342 | H75: Delivered | I75: 2 | J75: 9 | K75: 620.76 | L75: 1.22 | M75: 4.5 | N75: 0.4 | O75: 2.9 | P75: 8.7 | Q75: 7.8 | R75: -0.9 | S75: TRUE | U75: 8 | V75: FALSE | X75: FALSE | Y75: 0.6
A76: O00075 | B76: C0055 | C76: S017 | D76: R067 | E76: 46270.949 | F76: 46270.956 | G76: 46270.956 | H76: Delivered | I76: 3 | J76: 6 | K76: 879.46 | L76: 0.72 | M76: 4 | N76: 3.8 | O76: 2.4 | P76: 10.7 | Q76: 10.3 | R76: -0.4 | S76: TRUE | U76: 22 | V76: FALSE | X76: FALSE | Y76: 0.37
A77: O00076 | B77: C0061 | C77: S020 | D77: R070 | E77: 46271.865 | F77: 46271.872 | G77: 46271.88 | H77: Delivered | I77: 1 | J77: 7 | K77: 1249.39 | L77: 3.04 | M77: 6.6 | N77: 7.6 | O77: 8.4 | P77: 10 | Q77: 22.7 | R77: 12.7 | S77: FALSE | U77: 20 | V77: TRUE | X77: FALSE | Y77: 0.45
A78: O00077 | B78: C0064 | C78: S019 | D78: R067 | E78: 46266.865 | F78: 46266.871 | G78: 46266.87 | H78: Delivered | I78: 5 | J78: 8 | K78: 1305.07 | L78: 1.51 | M78: 2.7 | N78: 2.9 | O78: 2.6 | P78: 9.1 | Q78: 8.2 | R78: -0.9 | S78: TRUE | U78: 20 | V78: TRUE | X78: FALSE | Y78: 0.65
A79: O00078 | B79: C0035 | C79: S005 | D79: R028 | E79: 46269.339 | F79: 46269.347 | G79: 46269.347 | H79: Delivered | I79: 3 | J79: 8 | K79: 1287.91 | L79: 4.9 | M79: 2.7 | N79: 2.6 | O79: 6.4 | P79: 12.3 | Q79: 11.7 | R79: -0.6 | S79: TRUE | U79: 8 | V79: FALSE | W79: Heavy | X79: TRUE | Y79: 0.48
A80: O00079 | B80: C0091 | C80: S008 | D80: R061 | E80: 46266.926 | F80: 46266.933 | G80: 46266.933 | H80: Delivered | I80: 1 | J80: 5 | K80: 689.6 | L80: 1.51 | M80: 2.8 | N80: 2.8 | O80: 3.3 | P80: 10 | Q80: 8.9 | R80: -1.1 | S80: TRUE | U80: 22 | V80: FALSE | X80: FALSE | Y80: 0.33
A81: O00080 | B81: C0101 | C81: S018 | D81: R027 | E81: 46270.688 | F81: 46270.694 | G81: 46270.699 | H81: Delivered | I81: 5 | J81: 5 | K81: 1135.05 | L81: 1.6 | M81: 4.1 | N81: 8.5 | O81: 4.6 | P81: 9.8 | Q81: 17.2 | R81: 7.4 | S81: FALSE | U81: 16 | V81: FALSE | X81: FALSE | Y81: 0.59
A82: O00081 | B82: C0108 | C82: S016 | D82: R071 | E82: 46272.433 | F82: 46272.441 | G82: 46272.44 | H82: Delivered | I82: 2 | J82: 11 | K82: 697.41 | L82: 2.6 | M82: 2.4 | N82: 3.9 | O82: 4.9 | P82: 11.5 | Q82: 11.2 | R82: -0.3 | S82: TRUE | U82: 10 | V82: FALSE | W82: Heavy | X82: FALSE | Y82: 0.53
A83: O00082 | B83: C0221 | C83: S018 | D83: R046 | E83: 46275.631 | F83: 46275.638 | G83: 46275.637 | H83: Delivered | I83: 2 | J83: 15 | K83: 706.73 | L83: 1.95 | M83: 2.9 | N83: 2.7 | O83: 3.4 | P83: 9.7 | Q83: 9 | R83: -0.7 | S83: TRUE | U83: 15 | V83: FALSE | W83: Light | X83: FALSE | Y83: 0.49
A84: O00083 | B84: C0151 | C84: S011 | D84: R029 | E84: 46268.565 | F84: 46268.572 | G84: 46268.572 | H84: Delivered | I84: 1 | J84: 4 | K84: 226.17 | L84: 3.3 | M84: 2.3 | N84: 4 | O84: 3.8 | P84: 11 | Q84: 10.1 | R84: -0.9 | S84: TRUE | U84: 13 | V84: FALSE | X84: FALSE | Y84: 0.51
A85: O00084 | B85: C0030 | C85: S017 | D85: R008 | E85: 46277.6 | F85: 46277.607 | G85: 46277.607 | H85: Delivered | I85: 4 | J85: 6 | K85: 1010.75 | L85: 1.21 | M85: 2.1 | N85: 5 | O85: 2.5 | P85: 10.5 | Q85: 9.6 | R85: -0.9 | S85: TRUE | U85: 14 | V85: FALSE | X85: TRUE | Y85: 0.4
A86: O00085 | B86: C0008 | C86: S016 | D86: R060 | E86: 46266.671 | F86: 46266.678 | G86: 46266.68 | H86: Delivered | I86: 3 | J86: 7 | K86: 1115.99 | L86: 2.25 | M86: 6.3 | N86: 1.4 | O86: 5.9 | P86: 10.5 | Q86: 13.6 | R86: 3.1 | S86: FALSE | U86: 16 | V86: FALSE | X86: FALSE | Y86: 0.51
A87: O00086 | B87: C0153 | C87: S003 | D87: R058 | E87: 46275.979 | F87: 46275.987 | G87: 46275.987 | H87: Delivered | I87: 6 | J87: 7 | K87: 1372.54 | L87: 2.1 | M87: 3.4 | N87: 2.6 | O87: 5.2 | P87: 11.7 | Q87: 11.2 | R87: -0.5 | S87: TRUE | U87: 23 | V87: FALSE | X87: FALSE | Y87: 0.34
A88: O00087 | B88: C0139 | C88: S013 | D88: R004 | E88: 46272.838 | F88: 46272.845 | G88: 46272.848 | H88: Delivered | I88: 1 | J88: 5 | K88: 468.62 | L88: 1.58 | M88: 5.2 | N88: 4.1 | O88: 5.2 | P88: 9.2 | Q88: 14.5 | R88: 5.3 | S88: FALSE | U88: 20 | V88: TRUE | X88: FALSE | Y88: 0.5
A89: O00088 | B89: C0218 | C89: S003 | D89: R053 | E89: 46267.762 | F89: 46267.769 | G89: 46267.769 | H89: Delivered | I89: 3 | J89: 3 | K89: 807.16 | L89: 1.49 | M89: 2.7 | N89: 2.4 | O89: 4.5 | P89: 9.8 | Q89: 9.6 | R89: -0.2 | S89: TRUE | U89: 18 | V89: FALSE | W89: Light | X89: FALSE | Y89: 0.47
A90: O00089 | B90: C0097 | C90: S004 | D90: R045 | E90: 46267.726 | F90: 46267.733 | G90: 46267.733 | H90: Delivered | I90: 5 | J90: 8 | K90: 810.07 | L90: 1.51 | M90: 2.5 | N90: 2.3 | O90: 4.3 | P90: 9.9 | Q90: 9.1 | R90: -0.8 | S90: TRUE | U90: 17 | V90: FALSE | X90: FALSE | Y90: 0.5
A91: O00090 | B91: C0158 | C91: S017 | D91: R031 | E91: 46269.457 | F91: 46269.465 | G91: 46269.465 | H91: Delivered | I91: 3 | J91: 6 | K91: 1010.35 | L91: 2.98 | M91: 0.8 | N91: 4.8 | O91: 5.4 | P91: 11.4 | Q91: 11 | R91: -0.4 | S91: TRUE | U91: 10 | V91: FALSE | X91: FALSE | Y91: 0.58
A92: O00091 | B92: C0131 | C92: S014 | D92: R041 | E92: 46268.897 | F92: 46268.904 | G92: 46268.904 | H92: Delivered | I92: 6 | J92: 7 | K92: 484.07 | L92: 3.3 | M92: 3 | N92: 3.7 | O92: 4 | P92: 11.3 | Q92: 10.7 | R92: -0.6 | S92: TRUE | U92: 21 | V92: TRUE | X92: FALSE | Y92: 0.67
A93: O00092 | B93: C0024 | C93: S009 | D93: R033 | E93: 46278.664 | F93: 46278.672 | G93: 46278.671 | H93: Delivered | I93: 3 | J93: 9 | K93: 1044.76 | L93: 2.1 | M93: 2.9 | N93: 2.8 | O93: 5.1 | P93: 11.4 | Q93: 10.8 | R93: -0.6 | S93: TRUE | U93: 15 | V93: FALSE | W93: Light | X93: FALSE | Y93: 0.61
A94: O00093 | B94: C0105 | C94: S002 | D94: R071 | E94: 46273.376 | F94: 46273.382 | G94: 46273.39 | H94: Delivered | I94: 2 | J94: 12 | K94: 1678.86 | L94: 4.13 | M94: 3.3 | N94: 6.2 | O94: 11.1 | P94: 8.4 | Q94: 20.6 | R94: 12.2 | S94: FALSE | U94: 9 | V94: FALSE | X94: FALSE | Y94: 0.69
A95: O00094 | B95: C0194 | C95: S004 | D95: R029 | E95: 46269.949 | F95: 46269.956 | G95: 46269.956 | H95: Delivered | I95: 1 | J95: 4 | K95: 857.54 | L95: 2.83 | M95: 1.4 | N95: 4.2 | O95: 3.8 | P95: 10.2 | Q95: 9.4 | R95: -0.8 | S95: TRUE | U95: 22 | V95: FALSE | X95: FALSE | Y95: 0.56
A96: O00095 | B96: C0138 | C96: S002 | D96: R080 | E96: 46266.756 | F96: 46266.763 | G96: 46266.762 | H96: Delivered | I96: 6 | J96: 6 | K96: 1346.3 | L96: 0.5 | M96: 2.3 | N96: 2.7 | O96: 3.7 | P96: 9.3 | Q96: 8.7 | R96: -0.6 | S96: TRUE | U96: 18 | V96: FALSE | W96: Light | X96: TRUE | Y96: 0.6
A97: O00096 | B97: C0034 | C97: S007 | D97: R037 | E97: 46275.897 | F97: 46275.903 | G97: 46275.911 | H97: Delivered | I97: 4 | J97: 12 | K97: 1727.99 | L97: 3.1 | M97: 4.9 | N97: 8.1 | O97: 7.5 | P97: 8.9 | Q97: 20.4 | R97: 11.5 | S97: FALSE | U97: 21 | V97: TRUE | X97: FALSE | Y97: 0.71
A98: O00097 | B98: C0110 | C98: S001 | D98: R064 | E98: 46279.775 | F98: 46279.782 | G98: 46279.782 | H98: Delivered | I98: 4 | J98: 4 | K98: 576.07 | L98: 1.22 | M98: 3.6 | N98: 3.6 | O98: 2.7 | P98: 10.4 | Q98: 9.9 | R98: -0.5 | S98: TRUE | U98: 18 | V98: FALSE | X98: FALSE | Y98: 0.3
A99: O00098 | B99: C0166 | C99: S017 | D99: R074 | E99: 46266.746 | F99: 46266.753 | G99: 46266.754 | H99: Delivered | I99: 6 | J99: 6 | K99: 1632.19 | L99: 0.5 | M99: 2.2 | N99: 7.7 | O99: 2.4 | P99: 9.7 | Q99: 12.3 | R99: 2.6 | S99: FALSE | U99: 17 | V99: FALSE | X99: FALSE | Y99: 0.5
A100: O00099 | B100: C0027 | C100: S011 | D100: R030 | E100: 46270.353 | F100: 46270.36 | G100: 46270.361 | H100: Delivered | I100: 1 | J100: 7 | K100: 1323.02 | L100: 2.2 | M100: 5.3 | N100: 0.4 | O100: 6 | P100: 10.8 | Q100: 11.7 | R100: 0.9 | S100: FALSE | U100: 8 | V100: FALSE | X100: FALSE | Y100: 0.35
...

Sheet Stores
A1: store_id | B1: city | C1: store_age_days | D1: staffing_per_shift | E1: item_availability_pct | F1: avg_picking_time_min | G1: typical_orders_per_hour | H1: service_radius_km | I1: delivered_orders | J1: avg_actual_delivery_duration_min | K1: late_orders | L1: on_time_rate_pct
A2: S001 | B2: Bengaluru | C2: 362 | D2: 6 | E2: 0.927 | F2: 4.59 | G2: 16 | H2: 4.3 | I2: 64 | J2: 10.82 | K2: 11 | L2: 82.8
A3: S002 | B3: Hyderabad | C3: 470 | D3: 9 | E3: 0.981 | F3: 2.39 | G3: 33 | H3: 5 | I3: 80 | J3: 11.1 | K3: 21 | L3: 73.8
A4: S003 | B4: Mumbai | C4: 426 | D4: 11 | E4: 0.962 | F4: 3.84 | G4: 41 | H4: 2.1 | I4: 83 | J4: 10.69 | K4: 20 | L4: 75.9
A5: S004 | B5: Pune | C5: 850 | D5: 9 | E5: 0.949 | F5: 2.19 | G5: 42 | H5: 3.3 | I5: 70 | J5: 10.36 | K5: 11 | L5: 84.3
A6: S005 | B6: Delhi | C6: 138 | D6: 7 | E6: 0.9 | F6: 4.89 | G6: 14 | H6: 4.9 | I6: 76 | J6: 12.11 | K6: 23 | L6: 69.7
A7: S006 | B7: Bengaluru | C7: 412 | D7: 11 | E7: 0.886 | F7: 5.22 | G7: 26 | H7: 4.9 | I7: 58 | J7: 11.68 | K7: 15 | L7: 74.1
A8: S007 | B8: Hyderabad | C8: 661 | D8: 4 | E8: 0.934 | F8: 4.05 | G8: 37 | H8: 4.4 | I8: 88 | J8: 11.49 | K8: 27 | L8: 69.3
A9: S008 | B9: Mumbai | C9: 825 | D9: 8 | E9: 0.981 | F9: 3.46 | G9: 23 | H9: 4.9 | I9: 77 | J9: 12.2 | K9: 25 | L9: 67.5
A10: S009 | B10: Pune | C10: 645 | D10: 5 | E10: 0.905 | F10: 2.66 | G10: 29 | H10: 2.8 | I10: 78 | J10: 10.08 | K10: 11 | L10: 85.9
A11: S010 | B11: Delhi | C11: 744 | D11: 10 | E11: 0.903 | F11: 5.61 | G11: 22 | H11: 4 | I11: 70 | J11: 11.7 | K11: 19 | L11: 72.9
A12: S011 | B12: Bengaluru | C12: 732 | D12: 5 | E12: 0.984 | F12: 5.67 | G12: 31 | H12: 3.3 | I12: 71 | J12: 11.92 | K12: 22 | L12: 69
A13: S012 | B13: Hyderabad | C13: 300 | D13: 7 | E13: 0.891 | F13: 5.23 | G13: 15 | H13: 5.3 | I13: 53 | J13: 11.45 | K13: 13 | L13: 75.5
... A21: S020 | B21: Delhi | C21: 647 | D21: 12 | E21: 0.982 | F21: 5.74 | G21: 15 | H21: 3.8 | I21: 73 | J21: 11.68 | K21: 17 | L21: 76.7

Sheet Riders
A1: rider_id | B1: home_store_id | C1: vehicle_type | D1: experience_months | E1: typical_trips_per_shift | F1: avg_distance_per_trip_km | G1: avg_idle_time_min_per_shift | H1: acceptance_rate_pct | I1: avg_store_wait_time_min
A2: R001 | B2: S015 | C2: EV scooter | D2: 11 | E2: 12 | F2: 2.4 | G2: 44.9 | H2: 0.829 | I2: 4.5
A3: R002 | B3: S016 | C3: EV scooter | D3: 1 | E3: 9 | F3: 3.77 | G3: 39.1 | H3: 0.759 | I3: 7
A4: R003 | B4: S016 | C4: EV scooter | D4: 40 | E4: 5 | F4: 4.1 | G4: 44.1 | H4: 0.797 | I4: 4.2
A5: R004 | B5: S015 | C5: EV scooter | D5: 2 | E5: 10 | F5: 2.94 | G5: 26.6 | H5: 0.74 | I5: 3.2
A6: R005 | B6: S017 | C6: EV scooter | D6: 32 | E6: 13 | F6: 4.99 | G6: 29.7 | H6: 0.83 | I6: 2.9
A7: R006 | B7: S016 | C7: EV scooter | D7: 9 | E7: 12 | F7: 4.9 | G7: 55.8 | H7: 0.834 | I7: 4.8
A8: R007 | B8: S007 | C8: EV scooter | D8: 22 | E8: 11 | F8: 3.61 | G8: 20.4 | H8: 0.762 | I8: 1.7
A9: R008 | B9: S001 | C9: Bicycle | D9: 44 | E9: 17 | F9: 3.84 | G9: 6.6 | H9: 0.822 | I9: 6.1
A10: R009 | B10: S008 | C10: Petrol scooter | D10: 6 | E10: 15 | F10: 5.22 | G10: 26.7 | H10: 0.753 | I10: 1.3
A11: R010 | B11: S005 | C11: EV scooter | D11: 38 | E11: 14 | F11: 1.7 | G11: 32.8 | H11: 0.812 | I11: 8.4
A12: R011 | B12: S018 | C12: EV scooter | D12: 44 | E12: 10 | F12: 3.39 | G12: 64.9 | H12: 0.959 | I12: 2.2
A13: R012 | B13: S008 | C13: Petrol scooter | D13: 37 | E13: 15 | F13: 3.83 | G13: 51.3 | H13: 0.857 | I13: 6.4
... A81: R080 | B81: S009 | C81: Bicycle | D81: 40 | E81: 9 | F81: 2.85 | G81: 49.2 | H81: 0.77 | I81: 1.7

Sheet Demand
A1: store_id | B1: date | C1: hour | D1: day_of_week | E1: orders_placed_in_hour | F1: is_peak_window | G1: rain_condition | H1: event_day
A2: S001 | B2: 46266 | C2: 8 | D2: Tuesday | E2: 10 | F2: FALSE | H2: FALSE
A3: S001 | B3: 46266 | C3: 9 | D3: Tuesday | E3: 6 | F3: FALSE | H3: FALSE
A4: S001 | B4: 46266 | C4: 10 | D4: Tuesday | E4: 16 | F4: FALSE | G4: Heavy | H4: FALSE
A5: S001 | B5: 46266 | C5: 11 | D5: Tuesday | E5: 24 | F5: FALSE | H5: FALSE
A6: S001 | B6: 46266 | C6: 12 | D6: Tuesday | E6: 12 | F6: FALSE | G6: Light | H6: FALSE
A7: S001 | B7: 46266 | C7: 13 | D7: Tuesday | E7: 19 | F7: FALSE | G7: Heavy | H7: FALSE
A8: S001 | B8: 46266 | C8: 14 | D8: Tuesday | E8: 12 | F8: FALSE | G8: Light | H8: FALSE
A9: S001 | B9: 46266 | C9: 15 | D9: Tuesday | E9: 15 | F9: FALSE | G9: Light | H9: FALSE
A10: S001 | B10: 46266 | C10: 16 | D10: Tuesday | E10: 21 | F10: FALSE | G10: Light | H10: FALSE
A11: S001 | B11: 46266 | C11: 17 | D11: Tuesday | E11: 8 | F11: FALSE | H11: FALSE
A12: S001 | B12: 46266 | C12: 18 | D12: Tuesday | E12: 18 | F12: FALSE | G12: Heavy | H12: FALSE
A13: S001 | B13: 46266 | C13: 19 | D13: Tuesday | E13: 32 | F13: TRUE | H13: FALSE
A14: S001 | B14: 46266 | C14: 20 | D14: Tuesday | E14: 24 | F14: TRUE | H14: FALSE
A15: S001 | B15: 46266 | C15: 21 | D15: Tuesday | E15: 15 | F15: TRUE | G15: Heavy | H15: FALSE
A16: S001 | B16: 46266 | C16: 22 | D16: Tuesday | E16: 26 | F16: FALSE | H16: FALSE
A17: S001 | B17: 46266 | C17: 23 | D17: Tuesday | E17: 17 | F17: FALSE | H17: FALSE
A18: S002 | B18: 46266 | C18: 8 | D18: Tuesday | E18: 25 | F18: FALSE | G18: Heavy | H18: FALSE
A19: S002 | B19: 46266 | C19: 9 | D19: Tuesday | E19: 28 | F19: FALSE | G19: Light | H19: FALSE
A20: S002 | B20: 46266 | C20: 10 | D20: Tuesday | E20: 24 | F20: FALSE | H20: FALSE
A21: S002 | B21: 46266 | C21: 11 | D21: Tuesday | E21: 36 | F21: FALSE | H21: FALSE
A22: S002 | B22: 46266 | C22: 12 | D22: Tuesday | E22: 26 | F22: FALSE | H22: FALSE
A23: S002 | B23: 46266 | C23: 13 | D23: Tuesday | E23: 39 | F23: FALSE | H23: FALSE
A24: S002 | B24: 46266 | C24: 14 | D24: Tuesday | E24: 22 | F24: FALSE | H24: FALSE
A25: S002 | B25: 46266 | C25: 15 | D25: Tuesday | E25: 27 | F25: FALSE | H25: FALSE
A26: S002 | B26: 46266 | C26: 16 | D26: Tuesday | E26: 35 | F26: FALSE | H26: FALSE
A27: S002 | B27: 46266 | C27: 17 | D27: Tuesday | E27: 29 | F27: FALSE | H27: FALSE
A28: S002 | B28: 46266 | C28: 18 | D28: Tuesday | E28: 33 | F28: FALSE | G28: Light | H28: TRUE
A29: S002 | B29: 46266 | C29: 19 | D29: Tuesday | E29: 41 | F29: TRUE | H29: FALSE
A30: S002 | B30: 46266 | C30: 20 | D30: Tuesday | E30: 55 | F30: TRUE | H30: FALSE
A31: S002 | B31: 46266 | C31: 21 | D31: Tuesday | E31: 39 | F31: TRUE | G31: Heavy | H31: FALSE
A32: S002 | B32: 46266 | C32: 22 | D32: Tuesday | E32: 32 | F32: FALSE | H32: FALSE
A33: S002 | B33: 46266 | C33: 23 | D33: Tuesday | E33: 42 | F33: FALSE | H33: FALSE
A34: S003 | B34: 46266 | C34: 8 | D34: Tuesday | E34: 30 | F34: FALSE | H34: FALSE
A35: S003 | B35: 46266 | C35: 9 | D35: Tuesday | E35: 30 | F35: FALSE | H35: FALSE
A36: S003 | B36: 46266 | C36: 10 | D36: Tuesday | E36: 27 | F36: FALSE | H36: FALSE
A37: S003 | B37: 46266 | C37: 11 | D37: Tuesday | E37: 38 | F37: FALSE | H37: FALSE
A38: S003 | B38: 46266 | C38: 12 | D38: Tuesday | E38: 46 | F38: FALSE | H38: FALSE
A39: S003 | B39: 46266 | C39: 13 | D39: Tuesday | E39: 40 | F39: FALSE | H39: FALSE
A40: S003 | B40: 46266 | C40: 14 | D40: Tuesday | E40: 34 | F40: FALSE | G40: Light | H40: FALSE
A41: S003 | B41: 46266 | C41: 15 | D41: Tuesday | E41: 37 | F41: FALSE | H41: FALSE
A42: S003 | B42: 46266 | C42: 16 | D42: Tuesday | E42: 33 | F42: FALSE | G42: Light | H42: FALSE
A43: S003 | B43: 46266 | C43: 17 | D43: Tuesday | E43: 32 | F43: FALSE | H43: FALSE
A44: S003 | B44: 46266 | C44: 18 | D44: Tuesday | E44: 34 | F44: FALSE | G44: Light | H44: FALSE
A45: S003 | B45: 46266 | C45: 19 | D45: Tuesday | E45: 56 | F45: TRUE | G45: Light | H45: FALSE
A46: S003 | B46: 46266 | C46: 20 | D46: Tuesday | E46: 70 | F46: TRUE | H46: FALSE
A47: S003 | B47: 46266 | C47: 21 | D47: Tuesday | E47: 76 | F47: TRUE | H47: FALSE
A48: S003 | B48: 46266 | C48: 22 | D48: Tuesday | E48: 41 | F48: FALSE | H48: FALSE
A49: S003 | B49: 46266 | C49: 23 | D49: Tuesday | E49: 49 | F49: FALSE | G49: Light | H49: FALSE
A50: S004 | B50: 46266 | C50: 8 | D50: Tuesday | E50: 29 | F50: FALSE | H50: FALSE
A51: S004 | B51: 46266 | C51: 9 | D51: Tuesday | E51: 34 | F51: FALSE | H51: FALSE
A52: S004 | B52: 46266 | C52: 10 | D52: Tuesday | E52: 34 | F52: FALSE | H52: FALSE
A53: S004 | B53: 46266 | C53: 11 | D53: Tuesday | E53: 44 | F53: FALSE | H53: FALSE
A54: S004 | B54: 46266 | C54: 12 | D54: Tuesday | E54: 47 | F54: FALSE | H54: FALSE
A55: S004 | B55: 46266 | C55: 13 | D55: Tuesday | E55: 43 | F55: FALSE | H55: FALSE
A56: S004 | B56: 46266 | C56: 14 | D56: Tuesday | E56: 27 | F56: FALSE | H56: FALSE
A57: S004 | B57: 46266 | C57: 15 | D57: Tuesday | E57: 22 | F57: FALSE | H57: FALSE
A58: S004 | B58: 46266 | C58: 16 | D58: Tuesday | E58: 40 | F58: FALSE | H58: FALSE
A59: S004 | B59: 46266 | C59: 17 | D59: Tuesday | E59: 62 | F59: FALSE | G59: Heavy | H59: FALSE
A60: S004 | B60: 46266 | C60: 18 | D60: Tuesday | E60: 36 | F60: FALSE | G60: Light | H60: FALSE
A61: S004 | B61: 46266 | C61: 19 | D61: Tuesday | E61: 58 | F61: TRUE | G61: Heavy | H61: FALSE
A62: S004 | B62: 46266 | C62: 20 | D62: Tuesday | E62: 56 | F62: TRUE | H62: FALSE
A63: S004 | B63: 46266 | C63: 21 | D63: Tuesday | E63: 70 | F63: TRUE | G63: Light | H63: FALSE
A64: S004 | B64: 46266 | C64: 22 | D64: Tuesday | E64: 39 | F64: FALSE | H64: FALSE
A65: S004 | B65: 46266 | C65: 23 | D65: Tuesday | E65: 40 | F65: FALSE | G65: Light | H65: FALSE
A66: S005 | B66: 46266 | C66: 8 | D66: Tuesday | E66: 14 | F66: FALSE | H66: FALSE
A67: S005 | B67: 46266 | C67: 9 | D67: Tuesday | E67: 8 | F67: FALSE | H67: FALSE
A68: S005 | B68: 46266 | C68: 10 | D68: Tuesday | E68: 9 | F68: FALSE | H68: FALSE
A69: S005 | B69: 46266 | C69: 11 | D69: Tuesday | E69: 18 | F69: FALSE | G69: Light | H69: FALSE
A70: S005 | B70: 46266 | C70: 12 | D70: Tuesday | E70: 12 | F70: FALSE | H70: FALSE
A71: S005 | B71: 46266 | C71: 13 | D71: Tuesday | E71: 22 | F71: FALSE | G71: Light | H71: TRUE
A72: S005 | B72: 46266 | C72: 14 | D72: Tuesday | E72: 11 | F72: FALSE | H72: FALSE
A73: S005 | B73: 46266 | C73: 15 | D73: Tuesday | E73: 13 | F73: FALSE | G73: Light | H73: FALSE
A74: S005 | B74: 46266 | C74: 16 | D74: Tuesday | E74: 12 | F74: FALSE | H74: FALSE
A75: S005 | B75: 46266 | C75: 17 | D75: Tuesday | E75: 19 | F75: FALSE | G75: Light | H75: FALSE
A76: S005 | B76: 46266 | C76: 18 | D76: Tuesday | E76: 8 | F76: FALSE | H76: FALSE
A77: S005 | B77: 46266 | C77: 19 | D77: Tuesday | E77: 26 | F77: TRUE | H77: FALSE
A78: S005 | B78: 46266 | C78: 20 | D78: Tuesday | E78: 20 | F78: TRUE | G78: Heavy | H78: FALSE
A79: S005 | B79: 46266 | C79: 21 | D79: Tuesday | E79: 22 | F79: TRUE | G79: Heavy | H79: FALSE
A80: S005 | B80: 46266 | C80: 22 | D80: Tuesday | E80: 12 | F80: FALSE | H80: FALSE
A81: S005 | B81: 46266 | C81: 23 | D81: Tuesday | E81: 11 | F81: FALSE | H81: FALSE
A82: S006 | B82: 46266 | C82: 8 | D82: Tuesday | E82: 14 | F82: FALSE | H82: FALSE
A83: S006 | B83: 46266 | C83: 9 | D83: Tuesday | E83: 12 | F83: FALSE | H83: FALSE
A84: S006 | B84: 46266 | C84: 10 | D84: Tuesday | E84: 17 | F84: FALSE | G84: Heavy | H84: FALSE
A85: S006 | B85: 46266 | C85: 11 | D85: Tuesday | E85: 27 | F85: FALSE | G85: Heavy | H85: FALSE
A86: S006 | B86: 46266 | C86: 12 | D86: Tuesday | E86: 24 | F86: FALSE | H86: FALSE
A87: S006 | B87: 46266 | C87: 13 | D87: Tuesday | E87: 27 | F87: FALSE | G87: Light | H87: FALSE
A88: S006 | B88: 46266 | C88: 14 | D88: Tuesday | E88: 21 | F88: FALSE | H88: FALSE
A89: S006 | B89: 46266 | C89: 15 | D89: Tuesday | E89: 21 | F89: FALSE | H89: FALSE
A90: S006 | B90: 46266 | C90: 16 | D90: Tuesday | E90: 27 | F90: FALSE | H90: FALSE
A91: S006 | B91: 46266 | C91: 17 | D91: Tuesday | E91: 21 | F91: FALSE | G91: Light | H91: FALSE
A92: S006 | B92: 46266 | C92: 18 | D92: Tuesday | E92: 27 | F92: FALSE | G92: Heavy | H92: FALSE
A93: S006 | B93: 46266 | C93: 19 | D93: Tuesday | E93: 43 | F93: TRUE | H93: FALSE
A94: S006 | B94: 46266 | C94: 20 | D94: Tuesday | E94: 34 | F94: TRUE | G94: Heavy | H94: FALSE
A95: S006 | B95: 46266 | C95: 21 | D95: Tuesday | E95: 39 | F95: TRUE | H95: FALSE
A96: S006 | B96: 46266 | C96: 22 | D96: Tuesday | E96: 22 | F96: FALSE | G96: Light | H96: FALSE
A97: S006 | B97: 46266 | C97: 23 | D97: Tuesday | E97: 20 | F97: FALSE | G97: Light | H97: FALSE
A98: S007 | B98: 46266 | C98: 8 | D98: Tuesday | E98: 29 | F98: FALSE | H98: FALSE
A99: S007 | B99: 46266 | C99: 9 | D99: Tuesday | E99: 36 | F99: FALSE | G99: Light | H99: FALSE
A100: S007 | B100: 46266 | C100: 10 | D100: Tuesday | E100: 35 | F100: FALSE | H100: FALSE
...

Sheet Customers
A1: customer_id | B1: city | C1: signup_date | D1: orders_in_dataset | E1: avg_delivery_rating_1_to_5 | F1: repeat_customer_flag | G1: support_tickets_count | H1: primary_ticket_reason | I1: refunds_and_goodwill_credits_inr | J1: repeat_order_in_dataset_flag
A2: C0001 | B2: Mumbai | C2: 45691 | D2: 7 | E2: 4.4 | F2: TRUE | G2: 0 | I2: 0 | J2: TRUE
A3: C0002 | B3: Hyderabad | C3: 45429 | D3: 4 | E3: 4.5 | F3: TRUE | G3: 1 | H3: Payment issue | I3: 25 | J3: TRUE
A4: C0003 | B4: Hyderabad | C4: 45824 | D4: 5 | E4: 5 | F4: TRUE | G4: 0 | I4: 0 | J4: TRUE
A5: C0004 | B5: Pune | C5: 45747 | D5: 8 | E5: 4.6 | F5: TRUE | G5: 0 | I5: 0 | J5: TRUE
A6: C0005 | B6: Pune | C6: 45531 | D6: 8 | E6: 4.9 | F6: TRUE | G6: 5 | H6: Damaged item | I6: 0 | J6: TRUE
A7: C0006 | B7: Delhi | C7: 45876 | D7: 8 | E7: 5 | F7: TRUE | G7: 1 | H7: Damaged item | I7: 50 | J7: TRUE
A8: C0007 | B8: Bengaluru | C8: 46062 | D8: 7 | E8: 4.4 | F8: TRUE | G8: 2 | H8: Late delivery | I8: 150 | J8: TRUE
A9: C0008 | B9: Bengaluru | C9: 45920 | D9: 5 | E9: 5 | F9: TRUE | G9: 1 | H9: Late delivery | I9: 75 | J9: TRUE
A10: C0009 | B10: Bengaluru | C10: 45464 | D10: 5 | E10: 5 | F10: TRUE | G10: 1 | H10: Other | I10: 0 | J10: TRUE
A11: C0010 | B11: Hyderabad | C11: 46135 | D11: 6 | E11: 4.6 | F11: TRUE | G11: 2 | H11: Missing item | I11: 100 | J11: TRUE
A12: C0011 | B12: Hyderabad | C12: 45865 | D12: 5 | E12: 5 | F12: TRUE | G12: 3 | H12: Damaged item | I12: 225 | J12: TRUE
A13: C0012 | B13: Bengaluru | C13: 45947 | D13: 6 | E13: 5 | F13: TRUE | G13: 1 | H13: Payment issue | I13: 50 | J13: TRUE
A14: C0013 | B14: Bengaluru | C14: 45979 | D14: 3 | E14: 5 | F14: TRUE | G14: 0 | I14: 0 | J14: TRUE
A15: C0014 | B15: Mumbai | C15: 45400 | D15: 9 | E15: 5 | F15: TRUE | G15: 1 | H15: Other | I15: 50 | J15: TRUE
A16: C0015 | B16: Delhi | C16: 46211 | D16: 5 | E16: 4.9 | F16: TRUE | G16: 3 | H16: Payment issue | I16: 225 | J16: TRUE
A17: C0016 | B17: Hyderabad | C17: 45404 | D17: 4 | E17: 5 | F17: TRUE | G17: 2 | H17: Missing item | I17: 0 | J17: TRUE
A18: C0017 | B18: Hyderabad | C18: 45934 | D18: 6 | E18: 4.6 | F18: TRUE | G18: 2 | H18: Other | I18: 150 | J18: TRUE
A19: C0018 | B19: Pune | C19: 45609 | D19: 5 | E19: 4.1 | F19: TRUE | G19: 0 | I19: 0 | J19: TRUE
A20: C0019 | B20: Bengaluru | C20: 45998 | D20: 4 | E20: 4.6 | F20: TRUE | G20: 4 | H20: Damaged item | I20: 0 | J20: TRUE
A21: C0020 | B21: Mumbai | C21: 45474 | D21: 4 | E21: 4 | F21: TRUE | G21: 2 | H21: Missing item | I21: 150 | J21: TRUE
A22: C0021 | B22: Hyderabad | C22: 45792 | D22: 7 | E22: 4.3 | F22: TRUE | G22: 2 | H22: Other | I22: 50 | J22: TRUE
A23: C0022 | B23: Pune | C23: 45483 | D23: 6 | E23: 4.9 | F23: TRUE | G23: 2 | H23: Payment issue | I23: 100 | J23: TRUE
A24: C0023 | B24: Pune | C24: 45648 | D24: 3 | E24: 5 | F24: TRUE | G24: 1 | H24: Damaged item | I24: 0 | J24: TRUE
A25: C0024 | B25: Pune | C25: 45809 | D25: 8 | E25: 5 | F25: TRUE | G25: 2 | H25: Payment issue | I25: 0 | J25: TRUE
A26: C0025 | B26: Pune | C26: 45829 | D26: 13 | E26: 4.5 | F26: TRUE | G26: 5 | H26: Other | I26: 0 | J26: TRUE
A27: C0026 | B27: Delhi | C27: 45721 | D27: 6 | E27: 4.6 | F27: TRUE | G27: 3 | H27: Payment issue | I27: 225 | J27: TRUE
A28: C0027 | B28: Bengaluru | C28: 45939 | D28: 7 | E28: 4.1 | F28: TRUE | G28: 2 | H28: Other | I28: 50 | J28: TRUE
A29: C0028 | B29: Pune | C29: 45483 | D29: 7 | E29: 4.2 | F29: TRUE | G29: 6 | H29: Damaged item | I29: 150 | J29: TRUE
A30: C0029 | B30: Pune | C30: 46185 | D30: 4 | E30: 5 | F30: TRUE | G30: 3 | H30: Payment issue | I30: 225 | J30: TRUE
A31: C0030 | B31: Hyderabad | C31: 45537 | D31: 5 | E31: 4.6 | F31: TRUE | G31: 0 | I31: 0 | J31: TRUE
A32: C0031 | B32: Pune | C32: 45848 | D32: 6 | E32: 5 | F32: TRUE | G32: 1 | H32: Late delivery | I32: 50 | J32: TRUE
A33: C0032 | B33: Mumbai | C33: 45551 | D33: 7 | E33: 5 | F33: TRUE | G33: 3 | H33: Damaged item | I33: 225 | J33: TRUE
A34: C0033 | B34: Bengaluru | C34: 45933 | D34: 7 | E34: 4 | F34: TRUE | G34: 1 | H34: Other | I34: 0 | J34: TRUE
A35: C0034 | B35: Hyderabad | C35: 45901 | D35: 8 | E35: 4.4 | F35: TRUE | G35: 1 | H35: Damaged item | I35: 0 | J35: TRUE
A36: C0035 | B36: Delhi | C36: 46055 | D36: 9 | E36: 4.7 | F36: TRUE | G36: 2 | H36: Missing item | I36: 100 | J36: TRUE
A37: C0036 | B37: Hyderabad | C37: 45429 | D37: 1 | E37: 5 | F37: FALSE | G37: 0 | I37: 0 | J37: FALSE
A38: C0037 | B38: Mumbai | C38: 45887 | D38: 2 | E38: 3.8 | F38: TRUE | G38: 2 | H38: Other | I38: 0 | J38: TRUE
A39: C0038 | B39: Mumbai | C39: 45878 | D39: 3 | E39: 4.5 | F39: TRUE | G39: 1 | H39: Damaged item | I39: 25 | J39: TRUE
A40: C0039 | B40: Bengaluru | C40: 46128 | D40: 6 | E40: 5 | F40: TRUE | G40: 3 | H40: Late delivery | I40: 0 | J40: TRUE
A41: C0040 | B41: Bengaluru | C41: 46089 | D41: 6 | E41: 4.2 | F41: TRUE | G41: 3 | H41: Missing item | I41: 0 | J41: TRUE
A42: C0041 | B42: Bengaluru | C42: 45527 | D42: 8 | E42: 4.9 | F42: TRUE | G42: 2 | H42: Damaged item | I42: 0 | J42: TRUE
A43: C0042 | B43: Pune | C43: 46037 | D43: 7 | E43: 4.1 | F43: TRUE | G43: 1 | H43: Damaged item | I43: 25 | J43: TRUE
A44: C0043 | B44: Hyderabad | C44: 45957 | D44: 4 | E44: 4.8 | F44: TRUE | G44: 3 | H44: Other | I44: 0 | J44: TRUE
A45: C0044 | B45: Hyderabad | C45: 46112 | D45: 4 | E45: 5 | F45: TRUE | G45: 2 | H45: Damaged item | I45: 150 | J45: TRUE
A46: C0045 | B46: Delhi | C46: 45782 | D46: 5 | E46: 3.9 | F46: TRUE | G46: 1 | H46: Late delivery | I46: 25 | J46: TRUE
A47: C0046 | B47: Pune | C47: 46160 | D47: 3 | E47: 4.7 | F47: TRUE | G47: 1 | H47: Damaged item | I47: 25 | J47: TRUE
A48: C0047 | B48: Mumbai | C48: 45602 | D48: 9 | E48: 5 | F48: TRUE | G48: 4 | H48: Damaged item | I48: 200 | J48: TRUE
A49: C0048 | B49: Hyderabad | C49: 46213 | D49: 5 | E49: 4.2 | F49: TRUE | G49: 2 | H49: Missing item | I49: 100 | J49: TRUE
A50: C0049 | B50: Delhi | C50: 45369 | D50: 8 | E50: 5 | F50: TRUE | G50: 2 | H50: Late delivery | I50: 150 | J50: TRUE
A51: C0050 | B51: Bengaluru | C51: 45714 | D51: 4 | E51: 4.5 | F51: TRUE | G51: 0 | I51: 0 | J51: TRUE
A52: C0051 | B52: Hyderabad | C52: 45936 | D52: 6 | E52: 5 | F52: TRUE | G52: 3 | H52: Late delivery | I52: 0 | J52: TRUE
A53: C0052 | B53: Delhi | C53: 45976 | D53: 8 | E53: 5 | F53: TRUE | G53: 4 | H53: Payment issue | I53: 300 | J53: TRUE
A54: C0053 | B54: Hyderabad | C54: 45774 | D54: 8 | E54: 4.5 | F54: TRUE | G54: 1 | H54: Missing item | I54: 25 | J54: TRUE
A55: C0054 | B55: Pune | C55: 46050 | D55: 5 | E55: 5 | F55: TRUE | G55: 0 | I55: 0 | J55: TRUE
A56: C0055 | B56: Hyderabad | C56: 45925 | D56: 9 | E56: 5 | F56: TRUE | G56: 2 | H56: Damaged item | I56: 150 | J56: TRUE
A57: C0056 | B57: Mumbai | C57: 45406 | D57: 4 | E57: 4.5 | F57: TRUE | G57: 1 | H57: Damaged item | I57: 25 | J57: TRUE
A58: C0057 | B58: Hyderabad | C58: 45429 | D58: 6 | E58: 5 | F58: TRUE | G58: 4 | H58: Late delivery | I58: 200 | J58: TRUE
A59: C0058 | B59: Bengaluru | C59: 45923 | D59: 3 | E59: 4.5 | F59: TRUE | G59: 3 | H59: Missing item | I59: 0 | J59: TRUE
A60: C0059 | B60: Mumbai | C60: 45473 | D60: 5 | E60: 3.9 | F60: TRUE | G60: 4 | H60: Other | I60: 0 | J60: TRUE
A61: C0060 | B61: Pune | C61: 45761 | D61: 5 | E61: 5 | F61: TRUE | G61: 2 | H61: Payment issue | I61: 100 | J61: TRUE
A62: C0061 | B62: Delhi | C62: 45706 | D62: 8 | E62: 4.5 | F62: TRUE | G62: 4 | H62: Other | I62: 300 | J62: TRUE
A63: C0062 | B63: Delhi | C63: 45848 | D63: 9 | E63: 4.8 | F63: TRUE | G63: 3 | H63: Missing item | I63: 150 | J63: TRUE
A64: C0063 | B64: Pune | C64: 45698 | D64: 4 | E64: 5 | F64: TRUE | G64: 1 | H64: Late delivery | I64: 0 | J64: TRUE
A65: C0064 | B65: Pune | C65: 45581 | D65: 6 | E65: 5 | F65: TRUE | G65: 1 | H65: Missing item | I65: 50 | J65: TRUE
A66: C0065 | B66: Mumbai | C66: 45601 | D66: 5 | E66: 4 | F66: TRUE | G66: 0 | I66: 0 | J66: TRUE
A67: C0066 | B67: Pune | C67: 45969 | D67: 4 | E67: 4.1 | F67: TRUE | G67: 3 | H67: Late delivery | I67: 225 | J67: TRUE
A68: C0067 | B68: Hyderabad | C68: 46082 | D68: 7 | E68: 5 | F68: TRUE | G68: 0 | I68: 0 | J68: TRUE
A69: C0068 | B69: Delhi | C69: 45865 | D69: 1 | E69: 5 | F69: FALSE | G69: 1 | H69: Payment issue | I69: 50 | J69: FALSE
A70: C0069 | B70: Pune | C70: 46148 | D70: 4 | E70: 5 | F70: TRUE | G70: 2 | H70: Late delivery | I70: 0 | J70: TRUE
A71: C0070 | B71: Delhi | C71: 45960 | D71: 9 | E71: 4.9 | F71: TRUE | G71: 4 | H71: Payment issue | I71: 300 | J71: TRUE
A72: C0071 | B72: Mumbai | C72: 45678 | D72: 4 | E72: 4.4 | F72: TRUE | G72: 1 | H72: Damaged item | I72: 75 | J72: TRUE
A73: C0072 | B73: Bengaluru | C73: 45614 | D73: 10 | E73: 5 | F73: TRUE | G73: 0 | I73: 0 | J73: TRUE
A74: C0073 | B74: Mumbai | C74: 45731 | D74: 15 | E74: 3.7 | F74: TRUE | G74: 4 | H74: Damaged item | I74: 200 | J74: TRUE
A75: C0074 | B75: Hyderabad | C75: 45434 | D75: 2 | E75: 3.7 | F75: TRUE | G75: 1 | H75: Damaged item | I75: 75 | J75: TRUE
A76: C0075 | B76: Mumbai | C76: 45773 | D76: 5 | E76: 4 | F76: TRUE | G76: 0 | I76: 0 | J76: TRUE
A77: C0076 | B77: Pune | C77: 45562 | D77: 3 | E77: 4.7 | F77: TRUE | G77: 0 | I77: 0 | J77: TRUE
A78: C0077 | B78: Mumbai | C78: 46054 | D78: 3 | E78: 5 | F78: TRUE | G78: 2 | H78: Payment issue | I78: 50 | J78: TRUE
A79: C0078 | B79: Mumbai | C79: 46086 | D79: 5 | E79: 4.6 | F79: TRUE | G79: 2 | H79: Missing item | I79: 0 | J79: TRUE
A80: C0079 | B80: Pune | C80: 46017 | D80: 8 | E80: 4.3 | F80: TRUE | G80: 0 | I80: 0 | J80: TRUE
A81: C0080 | B81: Bengaluru | C81: 45815 | D81: 1 | E81: 5 | F81: FALSE | G81: 0 | I81: 0 | J81: FALSE
A82: C0081 | B82: Bengaluru | C82: 46026 | D82: 7 | E82: 4 | F82: TRUE | G82: 5 | H82: Damaged item | I82: 375 | J82: TRUE
A83: C0082 | B83: Bengaluru | C83: 46249 | D83: 5 | E83: 4 | F83: TRUE | G83: 0 | I83: 0 | J83: TRUE
A84: C0083 | B84: Bengaluru | C84: 46140 | D84: 2 | E84: 3.9 | F84: TRUE | G84: 0 | I84: 0 | J84: TRUE
A85: C0084 | B85: Delhi | C85: 45972 | D85: 6 | E85: 4.7 | F85: TRUE | G85: 1 | H85: Missing item | I85: 25 | J85: TRUE
A86: C0085 | B86: Mumbai | C86: 45968 | D86: 7 | E86: 4.8 | F86: TRUE | G86: 3 | H86: Damaged item | I86: 75 | J86: TRUE
A87: C0086 | B87: Mumbai | C87: 46166 | D87: 8 | E87: 5 | F87: TRUE | G87: 6 | H87: Payment issue | I87: 300 | J87: TRUE
A88: C0087 | B88: Delhi | C88: 45620 | D88: 5 | E88: 5 | F88: TRUE | G88: 5 | H88: Late delivery | I88: 125 | J88: TRUE
A89: C0088 | B89: Delhi | C89: 45399 | D89: 7 | E89: 5 | F89: TRUE | G89: 0 | I89: 0 | J89: TRUE
A90: C0089 | B90: Mumbai | C90: 45388 | D90: 5 | E90: 5 | F90: TRUE | G90: 4 | H90: Missing item | I90: 300 | J90: TRUE
A91: C0090 | B91: Delhi | C91: 46020 | D91: 2 | E91: 5 | F91: TRUE | G91: 1 | H91: Missing item | I91: 0 | J91: TRUE
A92: C0091 | B92: Mumbai | C92: 45658 | D92: 8 | E92: 5 | F92: TRUE | G92: 4 | H92: Other | I92: 100 | J92: TRUE
A93: C0092 | B93: Hyderabad | C93: 45748 | D93: 3 | E93: 5 | F93: TRUE | G93: 2 | H93: Late delivery | I93: 50 | J93: TRUE
A94: C0093 | B94: Delhi | C94: 45946 | D94: 4 | E94: 5 | F94: TRUE | G94: 3 | H94: Payment issue | I94: 0 | J94: TRUE
A95: C0094 | B95: Pune | C95: 45748 | D95: 4 | E95: 4.3 | F95: TRUE | G95: 5 | H95: Payment issue | I95: 0 | J95: TRUE
A96: C0095 | B96: Hyderabad | C96: 45512 | D96: 8 | E96: 4.8 | F96: TRUE | G96: 0 | I96: 0 | J96: TRUE
A97: C0096 | B97: Bengaluru | C97: 45988 | D97: 6 | E97: 5 | F97: TRUE | G97: 3 | H97: Payment issue | I97: 75 | J97: TRUE
A98: C0097 | B98: Pune | C98: 45470 | D98: 6 | E98: 4.2 | F98: TRUE | G98: 2 | H98: Late delivery | I98: 50 | J98: TRUE
A99: C0098 | B99: Pune | C99: 46018 | D99: 3 | E99: 5 | F99: TRUE | G99: 0 | I99: 0 | J99: TRUE
A100: C0099 | B100: Hyderabad | C100: 45667 | D100: 2 | E100: 3.6 | F100: TRUE | G100: 0 | I100: 0 | J100: TRUE
...

Sheet Guide
A1: Guide: where to find each calculation
A2: Blinkit Milestone 3 · Prepared by Hriday Pratim Barman · independent case-study analysis, not an official Blinkit report
A4: Sheet | B4: What it contains | C4: Start here for
A5: Orders, Stores, Riders, Demand, Customers | B5: The five original sheets, unchanged. Every new sheet links to them with formulas. | C5: Raw data
A6: Rules | B6: The agreed rules and the assumptions still to confirm. | C6: How on time, peak, cancellations and blanks are treated
A7: Metrics | B7: North Star and its range, cancellation classes, issue-tree counts and % of E, average and P90 times, promise, stage estimates, coverage of Demand. | C7: Numbers on Slides 1 and 2
A8: Hypotheses | B8: H1–H6 with the status used in the submission and live evidence text. | C8: Slide 3 summary
A9: Tests_Proportions | B9: Two-group percentage comparisons with inputs, SE and 95% CI in percentage points. | C9: H1, H2 rain, H3, H4, H6, distance, event days
A10: Tests_Means | B10: Two-group average comparisons (estimated wait and picking, promise, actual time). | C10: H1 and H2 minutes
A11: Tests_Correlations | B11: Correlations with Fisher-z 95% CI: stores, customers, traffic, promise vs distance, picking vs wait. | C11: H4, H5, traffic
A12: Breakdowns | B12: Rates by distance band, cut-off, rain, load quartile and city; customer averages; quartile cut-offs. | C12: Robustness checks and chart values
A13: Checks | B13: Totals, original-sheet integrity, duplicate IDs, unmatched keys, missing values, join duplication, formula errors, and agreement with the submission. | C13: Confirming every number
A14: Calc_Orders | B14: One formula row per order: flags (delivered, late, severe, peak, eligible), cancellation class, rain, Demand match, load, store and rider lookups. | C14: Tracing any single order
A15: Calc_Demand | B15: One row per Demand store-hour with the number of Orders-sheet rows in it. | C15: Coverage of the Demand population
... A18: Reading tips | B18: Green cells are results. Yellow headers have filters. "pts" = percentage points. Blank = missing or not applicable, never zero. Formula columns show the exact formula as text; the result column holds the live formula. | C18: Colour and format legend

Sheet Rules
A1: Rules and assumptions used in every calculation
A2: Rules agreed for the final submission. Items marked "Assumption to confirm" are not stated in the data.
A4: # | B4: Rule | C4: How it is applied | D4: Type
A5: 1 | B5: On time | C5: Delivered at or before the original checkout deadline: delay_min ≤ 0 (actual_delivery_at − promised_delivery_at). | D5: Agreed rule
A6: 2 | B6: Timestamp meanings | C6: actual_delivery_at is taken as confirmed customer handover, and promised_delivery_at as the original checkout promise (not an updated ETA). | D6: Assumption to confirm
A7: 3 | B7: Company-caused cancellations | C7: cancellation_reason = Rider unavailable or Item unavailable. Counted in the North Star (L1-C). | D7: Agreed rule
A8: 4 | B8: Unresolved cancellations | C8: Payment issue and Customer cancelled stay outside E. "Customer cancelled" is a recorded category; it does not establish the cause. | D8: Agreed rule
A9: 5 | B9: North Star | C9: On-time ÷ eligible orders (delivered + company-caused cancellations). Provisional; range shown with all orders as the denominator. | D9: Agreed rule
A10: 6 | B10: Severely late | C10: More than 5 minutes late. Our analytical cut-off; rechecked at 3 and 7 minutes (Breakdowns). | D10: Analytical choice
A11: 7 | B11: Peak | C11: Order placed from 19:00 up to, but not including, 22:00 (order_hour 19, 20, 21). Checked against is_peak_hour. | D11: Agreed rule
A12: 8 | B12: Blank rain | C12: A blank rain_condition means no rain ("None"). | D12: Agreed rule (confirmed)
A13: 9 | B13: Stage durations | C13: picking, rider-wait and travel minutes are estimates supplied in the data, not recorded timestamps. | D13: Data limitation
A14: 10 | B14: Customer level | C14: Tickets, refunds and ratings are analysed per customer in Customer_Summary; they are never copied onto order rows. | D14: Agreed rule
A15: 11 | B15: Demand matching | C15: An order matches Demand on store_id + date + hour. Demand (128,528 orders) is the population; the 1,500 Orders rows are part of it. Whether these results apply more widely depends on how the sample was selected. That information is missing. | D15: Agreed rule
A16: 12 | B16: Missing values | C16: Blank stays blank in calculations (shown as an empty cell), never zero. | D16: Agreed rule
... A18: 14 | B18: Confidence intervals | C18: Normal-approximation 95% intervals for differences and Fisher-z intervals for correlations. Less reliable for small groups. | D18: Method

Sheet Metrics
A1: Metrics: North Star, cancellations, issue tree, times and stages
A2: Every result is a live formula. [M12] in the Formula column means the Result of row M12. % results are stored as fractions; the denominator is named beside each one.
A3: ID | B3: Section | C3: Measure | D3: Purpose | E3: Source sheet: columns | F3: Formula | G3: Result | H3: Unit / denominator | I3: Explanation
A4: M01 | B4: Totals | C4: Orders placed | D4: Population of this analysis | E4: Orders: order_id | F4: =ROWS(o_order_id) | G4: =ROWS(o_order_id) -> 1500 | H4: Orders (count) | I4: All 1,500 order rows, delivered and cancelled.
A5: M02 | B5: Totals | C5: Delivered orders | D5: Base for delivery rates | E5: Orders: order_status | F5: =COUNTIFS(o_status,"Delivered") | G5: =COUNTIFS(o_status,"Delivered") -> 1455 | H5: Orders (count) | I5: order_status = Delivered.
A6: M03 | B6: Totals | C6: Cancelled orders | D6: Base for cancellation rules | E6: Orders: order_status | F6: =COUNTIFS(o_status,"Cancelled") | G6: =COUNTIFS(o_status,"Cancelled") -> 45 | H6: Orders (count) | I6: order_status = Cancelled.
A7: M04 | B7: Cancellations | C7: Rider unavailable (C1) | D7: Company-caused cancellation | E7: Orders: cancellation_reason | F7: =COUNTIFS(o_reason,"Rider unavailable") | G7: =COUNTIFS(o_reason,"Rider unavailable") -> 18 | H7: Orders (count) | I7: Agreed rule: company-caused.
A8: M05 | B8: Cancellations | C8: Item unavailable (C2) | D8: Company-caused cancellation | E8: Orders: cancellation_reason | F8: =COUNTIFS(o_reason,"Item unavailable") | G8: =COUNTIFS(o_reason,"Item unavailable") -> 8 | H8: Orders (count) | I8: Agreed rule: company-caused.
A9: M06 | B9: Cancellations | C9: Company-caused cancellations (L1-C) | D9: Counted in the North Star | E9: Metrics: M04, M05 | F9: =[M04]+[M05] (cells: =$G$7+$G$8) | G9: =$G$7+$G$8 -> 26 | H9: Orders (count) | I9: C1 + C2.
A10: M07 | B10: Cancellations | C10: Payment issue | D10: Unresolved cancellation | E10: Orders: cancellation_reason | F10: =COUNTIFS(o_reason,"Payment issue") | G10: =COUNTIFS(o_reason,"Payment issue") -> 8 | H10: Orders (count) | I10: Cause not confirmed; outside the North Star for now.
A11: M08 | B11: Cancellations | C11: Customer cancelled | D11: Unresolved cancellation | E11: Orders: cancellation_reason | F11: =COUNTIFS(o_reason,"Customer cancelled") | G11: =COUNTIFS(o_reason,"Customer cancelled") -> 11 | H11: Orders (count) | I11: Recorded category only: it does not establish the cause, or for certain who pressed Cancel.
A12: M09 | B12: Cancellations | C12: Unresolved cancellations | D12: Kept outside E | E12: Metrics: M07, M08 | F12: =[M07]+[M08] (cells: =$G$10+$G$11) | G12: =$G$10+$G$11 -> 19 | H12: Orders (count) | I12: Payment issue + Customer cancelled.
A13: M10 | B13: Cancellations | C13: All cancellation reasons accounted for | D13: Check | E13: Metrics: M03, M06, M09 | F13: =[M03]-[M06]-[M09] (cells: =$G$6-$G$9-$G$12) | G13: =$G$6-$G$9-$G$12 -> 0 | H13: Orders (count); should be 0 | I13: Cancelled orders not in either class.
A14: M11 | B14: North Star | C14: Eligible orders (E) | D14: North Star denominator | E14: Metrics: M02, M06 | F14: =[M02]+[M06] (cells: =$G$5+$G$9) | G14: =$G$5+$G$9 -> 1481 | H14: Orders (count) | I14: Delivered + company-caused cancellations.
A15: M12 | B15: Issue tree | C15: L1-A On time | D15: Numerator of the North Star | E15: Calc_Orders: Late | F15: =COUNTIFS(c_late,0) | G15: =COUNTIFS(c_late,0) -> 1092 | H15: Orders (count) | I15: Delivered at or before the original checkout deadline (delay_min ≤ 0). Timestamp meanings are assumptions to confirm.
A16: M13 | B16: Issue tree | C16: L1-B Late | D16: Delivered after the deadline | E16: Calc_Orders: Late | F16: =COUNTIFS(c_late,1) | G16: =COUNTIFS(c_late,1) -> 363 | H16: Orders (count) | I16: delay_min > 0.
A17: M14 | B17: Issue tree | C17: B1 Slightly late (0–5 min) | D17: Size of small misses | E17: Calc_Orders: Late, Severe | F17: =COUNTIFS(c_late,1,c_sev,0) | G17: =COUNTIFS(c_late,1,c_sev,0) -> 155 | H17: Orders (count) | I17: More than 0 and up to 5 minutes late.
A18: M15 | B18: Issue tree | C18: B2 Severely late (>5 min) | D18: Size of large misses | E18: Calc_Orders: Severe | F18: =COUNTIFS(c_sev,1) | G18: =COUNTIFS(c_sev,1) -> 208 | H18: Orders (count) | I18: More than 5 minutes late. 5 minutes is our analytical choice.
A19: M16 | B19: Issue tree | C19: B1a Slightly late, peak | D19: When small misses happen | E19: Calc_Orders: Late, Severe, Peak | F19: =COUNTIFS(c_late,1,c_sev,0,c_peak,1) | G19: =COUNTIFS(c_late,1,c_sev,0,c_peak,1) -> 11 | H19: Orders (count) | I19: Peak = placed 19:00 up to 22:00.
A20: M17 | B20: Issue tree | C20: B1b Slightly late, off-peak | D20: When small misses happen | E20: Calc_Orders: Late, Severe, Peak | F20: =COUNTIFS(c_late,1,c_sev,0,c_peak,0) | G20: =COUNTIFS(c_late,1,c_sev,0,c_peak,0) -> 144 | H20: Orders (count)
A21: M18 | B21: Issue tree | C21: B2a Severely late, peak | D21: When large misses happen | E21: Calc_Orders: Severe, Peak | F21: =COUNTIFS(c_sev,1,c_peak,1) | G21: =COUNTIFS(c_sev,1,c_peak,1) -> 69 | H21: Orders (count)
A22: M19 | B22: Issue tree | C22: B2b Severely late, off-peak | D22: When large misses happen | E22: Calc_Orders: Severe, Peak | F22: =COUNTIFS(c_sev,1,c_peak,0) | G22: =COUNTIFS(c_sev,1,c_peak,0) -> 139 | H22: Orders (count)
A23: M20 | B23: North Star | C23: North Star (provisional) | D23: Headline metric | E23: Metrics: M12, M11 | F23: =[M12]/[M11] (cells: =$G$15/$G$14) | G23: =$G$15/$G$14 -> 0.73733964 | H23: % of E (eligible orders) | I23: On-time fulfilment = on time ÷ eligible orders. Provisional because 19 cancellations are unresolved.
A24: M21 | B24: North Star | C24: North Star, lower end of range | D24: Effect of unresolved cancellations | E24: Metrics: M12, M01 | F24: =[M12]/[M01] (cells: =$G$15/$G$4) | G24: =$G$15/$G$4 -> 0.728 | H24: % of all orders placed | I24: As if every unresolved cancellation were company-caused.
A25: M22 | B25: North Star | C25: On time among delivered | D25: Delivery performance only | E25: Metrics: M12, M02 | F25: =[M12]/[M02] (cells: =$G$15/$G$5) | G25: =$G$15/$G$5 -> 0.75051546 | H25: % of delivered orders | I25: Ignores cancellations.
A26: M23 | B26: North Star | C26: Cancellation rate | D26: Guardrail | E26: Metrics: M03, M01 | F26: =[M03]/[M01] (cells: =$G$6/$G$4) | G26: =$G$6/$G$4 -> 0.03 | H26: % of all orders placed
A27: P12 | B27: Issue tree % | C27: L1-A On time, % of E | D27: Issue-tree share | E27: Metrics: M12, M11 | F27: =[M12]/[M11] (cells: =$G$15/$G$14) | G27: =$G$15/$G$14 -> 0.73733964 | H27: % of E (1,481 eligible orders) | I27: Group count ÷ E × 100. Child shares may differ from the parent by 0.1 because of rounding.
A28: P13 | B28: Issue tree % | C28: L1-B Late, % of E | D28: Issue-tree share | E28: Metrics: M13, M11 | F28: =[M13]/[M11] (cells: =$G$16/$G$14) | G28: =$G$16/$G$14 -> 0.24510466 | H28: % of E (1,481 eligible orders) | I28: Group count ÷ E × 100. Child shares may differ from the parent by 0.1 because of rounding.
A29: P14 | B29: Issue tree % | C29: B1, % of E | D29: Issue-tree share | E29: Metrics: M14, M11 | F29: =[M14]/[M11] (cells: =$G$17/$G$14) | G29: =$G$17/$G$14 -> 0.10465901 | H29: % of E (1,481 eligible orders) | I29: Group count ÷ E × 100. Child shares may differ from the parent by 0.1 because of rounding.
A30: P15 | B30: Issue tree % | C30: B2, % of E | D30: Issue-tree share | E30: Metrics: M15, M11 | F30: =[M15]/[M11] (cells: =$G$18/$G$14) | G30: =$G$18/$G$14 -> 0.14044564 | H30: % of E (1,481 eligible orders) | I30: Group count ÷ E × 100. Child shares may differ from the parent by 0.1 because of rounding.
A31: P16 | B31: Issue tree % | C31: B1a, % of E | D31: Issue-tree share | E31: Metrics: M16, M11 | F31: =[M16]/[M11] (cells: =$G$19/$G$14) | G31: =$G$19/$G$14 -> 0.0074274139 | H31: % of E (1,481 eligible orders) | I31: Group count ÷ E × 100. Child shares may differ from the parent by 0.1 because of rounding.
A32: P17 | B32: Issue tree % | C32: B1b, % of E | D32: Issue-tree share | E32: Metrics: M17, M11 | F32: =[M17]/[M11] (cells: =$G$20/$G$14) | G32: =$G$20/$G$14 -> 0.0972316 | H32: % of E (1,481 eligible orders) | I32: Group count ÷ E × 100. Child shares may differ from the parent by 0.1 because of rounding.
A33: P18 | B33: Issue tree % | C33: B2a, % of E | D33: Issue-tree share | E33: Metrics: M18, M11 | F33: =[M18]/[M11] (cells: =$G$21/$G$14) | G33: =$G$21/$G$14 -> 0.046590142 | H33: % of E (1,481 eligible orders) | I33: Group count ÷ E × 100. Child shares may differ from the parent by 0.1 because of rounding.
A34: P19 | B34: Issue tree % | C34: B2b, % of E | D34: Issue-tree share | E34: Metrics: M19, M11 | F34: =[M19]/[M11] (cells: =$G$22/$G$14) | G34: =$G$22/$G$14 -> 0.093855503 | H34: % of E (1,481 eligible orders) | I34: Group count ÷ E × 100. Child shares may differ from the parent by 0.1 because of rounding.
A35: P06 | B35: Issue tree % | C35: L1-C Company-caused, % of E | D35: Issue-tree share | E35: Metrics: M06, M11 | F35: =[M06]/[M11] (cells: =$G$9/$G$14) | G35: =$G$9/$G$14 -> 0.017555706 | H35: % of E (1,481 eligible orders) | I35: Group count ÷ E × 100. Child shares may differ from the parent by 0.1 because of rounding.
A36: P04 | B36: Issue tree % | C36: C1, % of E | D36: Issue-tree share | E36: Metrics: M04, M11 | F36: =[M04]/[M11] (cells: =$G$7/$G$14) | G36: =$G$7/$G$14 -> 0.01215395 | H36: % of E (1,481 eligible orders) | I36: Group count ÷ E × 100. Child shares may differ from the parent by 0.1 because of rounding.
A37: P05 | B37: Issue tree % | C37: C2, % of E | D37: Issue-tree share | E37: Metrics: M05, M11 | F37: =[M05]/[M11] (cells: =$G$8/$G$14) | G37: =$G$8/$G$14 -> 0.0054017556 | H37: % of E (1,481 eligible orders) | I37: Group count ÷ E × 100. Child shares may differ from the parent by 0.1 because of rounding.
A38: M24 | B38: Issue tree | C38: Tree counts add up (A + B + C − E) | D38: Check | E38: Metrics | F38: =[M12]+[M13]+[M06]-[M11] (cells: =$G$15+$G$16+$G$9-$G$14) | G38: =$G$15+$G$16+$G$9-$G$14 -> 0 | H38: Orders; should be 0 | I38: Each eligible order sits in exactly one final box.
A39: M25 | B39: Times | C39: Average delivery time | D39: Typical speed | E39: Orders: actual_delivery_duration_min, order_status | F39: =AVERAGEIFS(o_actual_min,o_status,"Delivered") | G39: =AVERAGEIFS(o_actual_min,o_status,"Delivered") -> 11.313677 | H39: Minutes; delivered orders | I39: Placement to handover (assumed meaning of actual_delivery_at).
A40: M26 | B40: Times | C40: P90 delivery time | D40: Slow tail | E40: Calc_Orders: Actual min | F40: =PERCENTILE(c_act,0.9) | G40: =PERCENTILE(c_act,0.9) -> 17.2 | H40: Minutes; delivered orders | I40: 9 in 10 delivered orders arrive within this. PERCENTILE = PERCENTILE.INC (linear).
A41: M27 | B41: Times | C41: Average promise (delivered) | D41: Guardrail: promise length | E41: Orders: promised_eta_min, order_status | F41: =AVERAGEIFS(o_promised_eta,o_status,"Delivered") | G41: =AVERAGEIFS(o_promised_eta,o_status,"Delivered") -> 10.332509 | H41: Minutes; delivered orders
A42: M28 | B42: Times | C42: Average promise (all orders) | D42: Reference | E42: Orders: promised_eta_min | F42: =AVERAGE(o_promised_eta) | G42: =AVERAGE(o_promised_eta) -> 10.324067 | H42: Minutes; all orders
A43: M29 | B43: Times | C43: Average minutes late (late orders) | D43: How late late orders are | E43: Calc_Orders: Minutes late (late only) | F43: =AVERAGE(c_latedelay) | G43: =AVERAGE(c_latedelay) -> 6.2586777 | H43: Minutes; late orders
A44: M30 | B44: Times | C44: Median minutes late (late orders) | D44: How late late orders are | E44: Calc_Orders: Minutes late (late only) | F44: =MEDIAN(c_latedelay) | G44: =MEDIAN(c_latedelay) -> 5.9 | H44: Minutes; late orders
A45: M31 | B45: Times | C45: Severe share of late orders | D45: Mix of lateness | E45: Metrics: M15, M13 | F45: =[M15]/[M13] (cells: =$G$18/$G$16) | G45: =$G$18/$G$16 -> 0.57300275 | H45: % of late orders
A46: SPI1 | B46: Stages (estimates) | C46: Picking, average (est.) | D46: Where time may go | E46: Calc_Orders: Picking est. | F46: =AVERAGE(c_pick) | G46: =AVERAGE(c_pick) -> 3.5909966 | H46: Minutes; delivered orders | I46: Estimate supplied in the data, not a recorded timestamp.
A47: SPI2 | B47: Stages (estimates) | C47: Picking, average, late orders | D47: Compare groups | E47: Calc_Orders: Picking est., Late | F47: =AVERAGEIFS(c_pick,c_late,1) | G47: =AVERAGEIFS(c_pick,c_late,1) -> 5.0790634 | H47: Minutes; late orders
A48: SPI3 | B48: Stages (estimates) | C48: Picking, average, on-time orders | D48: Compare groups | E48: Calc_Orders: Picking est., Late | F48: =AVERAGEIFS(c_pick,c_late,0) | G48: =AVERAGEIFS(c_pick,c_late,0) -> 3.096337 | H48: Minutes; on-time orders
A49: SWA1 | B49: Stages (estimates) | C49: Rider wait, average (est.) | D49: Where time may go | E49: Calc_Orders: Rider wait est. | F49: =AVERAGE(c_wait) | G49: =AVERAGE(c_wait) -> 3.5872165 | H49: Minutes; delivered orders | I49: Estimate supplied in the data, not a recorded timestamp.
A50: SWA2 | B50: Stages (estimates) | C50: Rider wait, average, late orders | D50: Compare groups | E50: Calc_Orders: Rider wait est., Late | F50: =AVERAGEIFS(c_wait,c_late,1) | G50: =AVERAGEIFS(c_wait,c_late,1) -> 5.4245179 | H50: Minutes; late orders
A51: SWA3 | B51: Stages (estimates) | C51: Rider wait, average, on-time orders | D51: Compare groups | E51: Calc_Orders: Rider wait est., Late | F51: =AVERAGEIFS(c_wait,c_late,0) | G51: =AVERAGEIFS(c_wait,c_late,0) -> 2.9764652 | H51: Minutes; on-time orders
A52: STR1 | B52: Stages (estimates) | C52: Travel, average (est.) | D52: Where time may go | E52: Calc_Orders: Travel est. | F52: =AVERAGE(c_trav) | G52: =AVERAGE(c_trav) -> 4.1369759 | H52: Minutes; delivered orders | I52: Estimate supplied in the data, not a recorded timestamp.
A53: STR2 | B53: Stages (estimates) | C53: Travel, average, late orders | D53: Compare groups | E53: Calc_Orders: Travel est., Late | F53: =AVERAGEIFS(c_trav,c_late,1) | G53: =AVERAGEIFS(c_trav,c_late,1) -> 6.0352617 | H53: Minutes; late orders
A54: STR3 | B54: Stages (estimates) | C54: Travel, average, on-time orders | D54: Compare groups | E54: Calc_Orders: Travel est., Late | F54: =AVERAGEIFS(c_trav,c_late,0) | G54: =AVERAGEIFS(c_trav,c_late,0) -> 3.5059524 | H54: Minutes; on-time orders
A55: SSHPL | B55: Stages (estimates) | C55: Picking share of time, late orders | D55: Can stages attribute lateness? | E55: Calc_Orders: Picking share, Late | F55: =AVERAGEIFS(c_shp,c_late,1) | G55: =AVERAGEIFS(c_shp,c_late,1) -> 0.31644762 | H55: % of each order's actual minutes, averaged over late orders | I55: Shares are almost equal for late and on-time orders, so the estimates cannot single out a slow stage.
A56: SSHPO | B56: Stages (estimates) | C56: Picking share of time, on-time orders | D56: Can stages attribute lateness? | E56: Calc_Orders: Picking share, Late | F56: =AVERAGEIFS(c_shp,c_late,0) | G56: =AVERAGEIFS(c_shp,c_late,0) -> 0.32485893 | H56: % of each order's actual minutes, averaged over on-time orders
A57: SSHWL | B57: Stages (estimates) | C57: Rider wait share of time, late orders | D57: Can stages attribute lateness? | E57: Calc_Orders: Rider wait share, Late | F57: =AVERAGEIFS(c_shw,c_late,1) | G57: =AVERAGEIFS(c_shw,c_late,1) -> 0.32168459 | H57: % of each order's actual minutes, averaged over late orders | I57: Shares are almost equal for late and on-time orders, so the estimates cannot single out a slow stage.
A58: SSHWO | B58: Stages (estimates) | C58: Rider wait share of time, on-time orders | D58: Can stages attribute lateness? | E58: Calc_Orders: Rider wait share, Late | F58: =AVERAGEIFS(c_shw,c_late,0) | G58: =AVERAGEIFS(c_shw,c_late,0) -> 0.31167502 | H58: % of each order's actual minutes, averaged over on-time orders
A59: SSHTL | B59: Stages (estimates) | C59: Travel share of time, late orders | D59: Can stages attribute lateness? | E59: Calc_Orders: Travel share, Late | F59: =AVERAGEIFS(c_sht,c_late,1) | G59: =AVERAGEIFS(c_sht,c_late,1) -> 0.36226241 | H59: % of each order's actual minutes, averaged over late orders | I59: Shares are almost equal for late and on-time orders, so the estimates cannot single out a slow stage.
A60: SSHTO | B60: Stages (estimates) | C60: Travel share of time, on-time orders | D60: Can stages attribute lateness? | E60: Calc_Orders: Travel share, Late | F60: =AVERAGEIFS(c_sht,c_late,0) | G60: =AVERAGEIFS(c_sht,c_late,0) -> 0.36348641 | H60: % of each order's actual minutes, averaged over on-time orders
A61: S01 | B61: Stages (estimates) | C61: Stages add up to total (within 0.1 min) | D61: Consistency of estimates | E61: Calc_Orders: Stages sum check | F61: =AVERAGE(c_sum01) | G61: =AVERAGE(c_sum01) -> 1 | H61: % of delivered orders
A62: S02 | B62: Stages (estimates) | C62: Picking vs wait correlation (r) | D62: Do riders wait for slow picking? | E62: Calc_Orders: Picking est., Wait est. | F62: =CORREL(c_pick,c_wait) | G62: =CORREL(c_pick,c_wait) -> 0.15164763 | H62: r, delivered orders | I62: Picking and rider wait have a weak positive link. This does not prove that slow picking causes rider waiting. The 95% CI excludes 0 (Tests_Correlations R10).
A63: V01 | B63: Coverage | C63: Orders in Demand (all store-hours) | D63: Population size | E63: Demand: orders_placed_in_hour | F63: =SUM(Demand!$E$2:$E$4481) | G63: =SUM(Demand!$E$2:$E$4481) -> 128528 | H63: Orders (count) | I63: Demand counts every order placed; the Orders sheet is only part of it.
A64: V02 | B64: Coverage | C64: Orders sheet as share of Demand | D64: Coverage | E64: Metrics: M01, V01 | F64: =[M01]/[V01] (cells: =$G$4/$G$63) | G64: =$G$4/$G$63 -> 0.011670609 | H64: % of Demand orders | I64: The Orders sheet is not the full Demand population.
A65: V03 | B65: Coverage | C65: Store-hours with at least one Orders row | D65: Coverage | E65: Calc_Demand: Has Orders row | F65: =SUM(d_has) | G65: =SUM(d_has) -> 1264 | H65: Store-hours (of 4,480)
A66: V04 | B66: Coverage | C66: Demand vs Orders-sheet rows per store-hour (r) | D66: Is the sample proportional? | E66: Calc_Demand: Orders placed, Orders-sheet rows | F66: =CORREL(d_orders,d_sample) | G66: =CORREL(d_orders,d_sample) -> 0.018936939 | H66: r, 4,480 store-hours | I66: Near 0: busier hours do not get more sampled orders.
A67: V05 | B67: Coverage | C67: Peak share of Orders sheet | D67: Representation of peak | E67: Calc_Orders: Peak | F67: =SUM(c_peak)/[M01] (cells: =SUM(c_peak)/$G$4) | G67: =SUM(c_peak)/$G$4 -> 0.188 | H67: % of all 1,500 orders
A68: V06 | B68: Coverage | C68: Peak share of Demand | D68: Representation of peak | E68: Calc_Demand: Peak window, Orders placed | F68: =SUMPRODUCT(d_peak,d_orders)/[V01] (cells: =SUMPRODUCT(d_peak,d_orders)/$G$63) | G68: =SUMPRODUCT(d_peak,d_orders)/$G$63 -> 0.27870192 | H68: % of Demand orders | I68: Peak is under-represented in the Orders sheet.
A69: V07 | B69: Coverage | C69: Rider home store matches order store | D69: Can home store show availability? | E69: Calc_Orders: home store match | F69: =AVERAGE(c_homematch) | G69: =AVERAGE(c_homematch) -> 0.052920962 | H69: % of orders with a rider | I69: Low share: home store is not where riders worked in a given hour.

Sheet Hypotheses
A1: Hypotheses: ranking and status used in the final submission
A2: Each status points to the evidence rows. Patterns are not proof of cause.
A4: Rank | B4: Hypothesis | C4: Status (as submitted) | D4: Key evidence (live values) | E4: Evidence rows | F4: Limitations
A5: 1 · H1 | B5: Severe delays are more common at 7–10 PM. A store-to-rider bottleneck is one possible explanation. | C5: Supported: severe delays are more common at peak | D5: ="Severely late "&TEXT(Tests_Proportions!$F$5,"0.0%")&" peak vs "&TEXT(Tests_Proportions!$J$5,"0.0%")&" off-peak ("&"95% CI "&TEXT(Tests_Proportions!$M$5,"+0.0;-0.0")&" to "&TEXT(Tests_Proportions!$N$5,"+0.0;-0.0")&" pts"&"). Late at all "&TEXT(Tests_Proportions!$F$6,"0.0%")&" vs "&TEXT(Tests_Proportions!$J$6,"0.0%")&" ("&"95% CI "&TEXT(Tests_Proportions!$M$6,"+0.0;-0.0")&" to "&TEXT(Tests_Proportions!$N$6,"+0.0;-0.0")&" pts"&"). Est. wait "&TEXT(Tests_Means!$K$5,"+0.00;-0.00")&" min." -> Severely late 25.0% peak vs 11.8% off-peak (95% CI +7.8 to +18.6 pts). Late at all 29.0% vs 24.0% (95% CI -0.9 to +10.9 pts). Est. wait +1.02 min. | E5: Tests_Proportions T01, T02; Tests_Means U01, U02; Breakdowns H1 rows | F5: Bottleneck is a possible explanation, not an established cause. No hourly rider availability; wait is an estimate.
A6: 2 · H2 | B6: Promises do not match conditions: shorter at peak and no longer in heavy rain. | C6: Supported at peak; borderline in rain | D6: ="Promise "&TEXT(Tests_Means!$D$7,"0.0")&" vs "&TEXT(Tests_Means!$H$7,"0.0")&" min; actual "&TEXT(Tests_Means!$D$8,"0.00")&" vs "&TEXT(Tests_Means!$H$8,"0.00")&" min. Heavy rain late "&TEXT(Tests_Proportions!$F$7,"0.0%")&" vs "&TEXT(Tests_Proportions!$J$7,"0.0%")&" ("&"95% CI "&TEXT(Tests_Proportions!$M$7,"+0.0;-0.0")&" to "&TEXT(Tests_Proportions!$N$7,"+0.0;-0.0")&" pts"&")." -> Promise 9.6 vs 10.5 min; actual 11.78 vs 11.20 min. Heavy rain late 33.9% vs 24.8% (95% CI +0.0 to +18.3 pts). | E6: Tests_Means U03, U04; Tests_Proportions T03; Breakdowns H2 rows | F6: How the promise is calculated is not in the data.
A7: 3 · H3 | B7: Store-hours busier than the store's usual load run late more often. | C7: Inconclusive; overlaps with peak | D7: ="All hours Q4 vs Q1 "&TEXT(Tests_Proportions!$F$8,"0.0%")&" vs "&TEXT(Tests_Proportions!$J$8,"0.0%")&" ("&"95% CI "&TEXT(Tests_Proportions!$M$8,"+0.0;-0.0")&" to "&TEXT(Tests_Proportions!$N$8,"+0.0;-0.0")&" pts"&"). Off-peak only "&TEXT(Tests_Proportions!$F$9,"0.0%")&" vs "&TEXT(Tests_Proportions!$J$9,"0.0%")&" ("&"95% CI "&TEXT(Tests_Proportions!$M$9,"+0.0;-0.0")&" to "&TEXT(Tests_Proportions!$N$9,"+0.0;-0.0")&" pts"&")." -> All hours Q4 vs Q1 29.1% vs 21.4% (95% CI +1.4 to +14.0 pts). Off-peak only 27.1% vs 21.7% (95% CI -1.5 to +12.3 pts). | E7: Tests_Proportions T04, T05; Breakdowns H3 rows | F7: Every peak hour is high-load, so load and peak cannot be separated.
A8: 4 · H4 | B8: Stores with slower picking deliver late more often. | C8: No clear evidence in this analysis | D8: ="r = "&TEXT(Tests_Correlations!$G$5,"0.00")&" (95% CI "&TEXT(Tests_Correlations!$J$5,"+0.00;-0.00")&" to "&TEXT(Tests_Correlations!$K$5,"+0.00;-0.00")&", n = 20). Slower vs faster half "&TEXT(Tests_Proportions!$F$10,"0.0%")&" vs "&TEXT(Tests_Proportions!$J$10,"0.0%")&" ("&"95% CI "&TEXT(Tests_Proportions!$M$10,"+0.0;-0.0")&" to "&TEXT(Tests_Proportions!$N$10,"+0.0;-0.0")&" pts"&")." -> r = 0.43 (95% CI -0.02 to +0.73, n = 20). Slower vs faster half 26.1% vs 23.9% (95% CI -2.3 to +6.6 pts). | E8: Tests_Correlations R01–R03; Tests_Proportions T06 | F8: Only 20 stores; this does not show picking speed has no effect.
A9: 5 · H5 | B9: Late deliveries drive support tickets and refunds. | C9: No clear evidence in this analysis | D9: ="Tickets r = "&TEXT(Tests_Correlations!$G$9,"0.00")&", refunds r = "&TEXT(Tests_Correlations!$G$10,"0.00")&": no clear straight-line association." -> Tickets r = 0.02, refunds r = 0.08: no clear straight-line association. | E9: Tests_Correlations R05–R07; Breakdowns H5 rows | F9: Tickets are per customer, not per order; the test is weak.
A10: 6 · H6 | B10: New stores are less reliable. | C10: Inconclusive: only two new stores | D10: ="New vs older stores late "&TEXT(Tests_Proportions!$F$11,"0.0%")&" vs "&TEXT(Tests_Proportions!$J$11,"0.0%")&" ("&"95% CI "&TEXT(Tests_Proportions!$M$11,"+0.0;-0.0")&" to "&TEXT(Tests_Proportions!$N$11,"+0.0;-0.0")&" pts"&")." -> New vs older stores late 25.5% vs 24.9% (95% CI -6.8 to +8.0 pts). | E10: Tests_Proportions T07; Tests_Correlations R04 | F10: No clear difference does not prove equal performance.

Sheet Tests_Proportions
A1: Tests_Proportions: differences between two percentages, with 95% confidence intervals
A2: Method: two-proportion normal approximation. SE = √(p1(1−p1)/n1 + p2(1−p2)/n2); 95% CI = (p1 − p2) ± 1.96 × SE. Differences are in percentage points (pts).
A4: ID | B4: Used for | C4: Group A | D4: A count (x1) | E4: A total (n1) | F4: A rate (p1) | G4: Group B | H4: B count (x2) | I4: B total (n2) | J4: B rate (p2) | K4: Difference p1 − p2 (pts) | L4: SE (pts) | M4: 95% CI low (pts) | N4: 95% CI high (pts) | O4: Reading | P4: Inputs (count / total)
A5: T01 | B5: H1 main result | C5: Peak delivered: severely late | D5: =COUNTIFS(c_sev,1,c_peak,1) -> 69 | E5: =COUNTIFS(c_deliv,1,c_peak,1) -> 276 | F5: =D5/E5 -> 0.25 | G5: Off-peak delivered: severely late | H5: =COUNTIFS(c_sev,1,c_peak,0) -> 139 | I5: =COUNTIFS(c_deliv,1,c_peak,0) -> 1179 | J5: =H5/I5 -> 0.11789652 | K5: =(F5-J5)*100 -> 13.210348 | L5: =SQRT(F5*(1-F5)/E5+J5*(1-J5)/I5)*100 -> 2.7704793 | M5: =K5-1.96*L5 -> 7.7802083 | N5: =K5+1.96*L5 -> 18.640487 | O5: =IF(OR(ABS(M5)<0.05,ABS(N5)<0.05),"Borderline: CI edge at about 0",IF(OR(AND(M5>0,N5>0),AND(M5<0,N5<0)),"Clear: CI excludes 0","Not clear: CI includes 0")) -> Clear: CI excludes 0 | P5: x1: =COUNTIFS(c_sev,1,c_peak,1) n1: =COUNTIFS(c_deliv,1,c_peak,1) x2: =COUNTIFS(c_sev,1,c_peak,0) n2: =COUNTIFS(c_deliv,1,c_peak,0)
A6: T02 | B6: H1: late at all | C6: Peak delivered: late | D6: =COUNTIFS(c_late,1,c_peak,1) -> 80 | E6: =COUNTIFS(c_deliv,1,c_peak,1) -> 276 | F6: =D6/E6 -> 0.28985507 | G6: Off-peak delivered: late | H6: =COUNTIFS(c_late,1,c_peak,0) -> 283 | I6: =COUNTIFS(c_deliv,1,c_peak,0) -> 1179 | J6: =H6/I6 -> 0.24003393 | K6: =(F6-J6)*100 -> 4.9821145 | L6: =SQRT(F6*(1-F6)/E6+J6*(1-J6)/I6)*100 -> 3.0008602 | M6: =K6-1.96*L6 -> -0.89957152 | N6: =K6+1.96*L6 -> 10.863801 | O6: =IF(OR(ABS(M6)<0.05,ABS(N6)<0.05),"Borderline: CI edge at about 0",IF(OR(AND(M6>0,N6>0),AND(M6<0,N6<0)),"Clear: CI excludes 0","Not clear: CI includes 0")) -> Not clear: CI includes 0 | P6: x1: =COUNTIFS(c_late,1,c_peak,1) n1: =COUNTIFS(c_deliv,1,c_peak,1) x2: =COUNTIFS(c_late,1,c_peak,0) n2: =COUNTIFS(c_deliv,1,c_peak,0)
A7: T03 | B7: H2: heavy rain | C7: Heavy rain delivered: late | D7: =COUNTIFS(c_rain,"Heavy",c_late,1) -> 38 | E7: =COUNTIFS(c_rain,"Heavy",c_deliv,1) -> 112 | F7: =D7/E7 -> 0.33928571 | G7: No rain delivered: late | H7: =COUNTIFS(c_rain,"None",c_late,1) -> 257 | I7: =COUNTIFS(c_rain,"None",c_deliv,1) -> 1038 | J7: =H7/I7 -> 0.24759152 | K7: =(F7-J7)*100 -> 9.1694192 | L7: =SQRT(F7*(1-F7)/E7+J7*(1-J7)/I7)*100 -> 4.6701137 | M7: =K7-1.96*L7 -> 0.015996452 | N7: =K7+1.96*L7 -> 18.322842 | O7: =IF(OR(ABS(M7)<0.05,ABS(N7)<0.05),"Borderline: CI edge at about 0",IF(OR(AND(M7>0,N7>0),AND(M7<0,N7<0)),"Clear: CI excludes 0","Not clear: CI includes 0")) -> Borderline: CI edge at about 0 | P7: x1: =COUNTIFS(c_rain,"Heavy",c_late,1) n1: =COUNTIFS(c_rain,"Heavy",c_deliv,1) x2: =COUNTIFS(c_rain,"None",c_late,1) n2: =COUNTIFS(c_rain,"None",c_deliv,1)
A8: T04 | B8: H3: all hours | C8: Highest load quartile (Q4): late | D8: =COUNTIFS(c_qall,4,c_late,1) -> 105 | E8: =COUNTIFS(c_qall,4) -> 361 | F8: =D8/E8 -> 0.29085873 | G8: Lowest load quartile (Q1): late | H8: =COUNTIFS(c_qall,1,c_late,1) -> 79 | I8: =COUNTIFS(c_qall,1) -> 369 | J8: =H8/I8 -> 0.21409214 | K8: =(F8-J8)*100 -> 7.6766585 | L8: =SQRT(F8*(1-F8)/E8+J8*(1-J8)/I8)*100 -> 3.2052104 | M8: =K8-1.96*L8 -> 1.3944462 | N8: =K8+1.96*L8 -> 13.958871 | O8: =IF(OR(ABS(M8)<0.05,ABS(N8)<0.05),"Borderline: CI edge at about 0",IF(OR(AND(M8>0,N8>0),AND(M8<0,N8<0)),"Clear: CI excludes 0","Not clear: CI includes 0")) -> Clear: CI excludes 0 | P8: x1: =COUNTIFS(c_qall,4,c_late,1) n1: =COUNTIFS(c_qall,4) x2: =COUNTIFS(c_qall,1,c_late,1) n2: =COUNTIFS(c_qall,1)
A9: T05 | B9: H3: off-peak only | C9: Off-peak Q4: late | D9: =COUNTIFS(c_qop,4,c_late,1) -> 79 | E9: =COUNTIFS(c_qop,4) -> 292 | F9: =D9/E9 -> 0.27054795 | G9: Off-peak Q1: late | H9: =COUNTIFS(c_qop,1,c_late,1) -> 65 | I9: =COUNTIFS(c_qop,1) -> 300 | J9: =H9/I9 -> 0.21666667 | K9: =(F9-J9)*100 -> 5.3881279 | L9: =SQRT(F9*(1-F9)/E9+J9*(1-J9)/I9)*100 -> 3.5236386 | M9: =K9-1.96*L9 -> -1.5182038 | N9: =K9+1.96*L9 -> 12.29446 | O9: =IF(OR(ABS(M9)<0.05,ABS(N9)<0.05),"Borderline: CI edge at about 0",IF(OR(AND(M9>0,N9>0),AND(M9<0,N9<0)),"Clear: CI excludes 0","Not clear: CI includes 0")) -> Not clear: CI includes 0 | P9: x1: =COUNTIFS(c_qop,4,c_late,1) n1: =COUNTIFS(c_qop,4) x2: =COUNTIFS(c_qop,1,c_late,1) n2: =COUNTIFS(c_qop,1)
A10: T06 | B10: H4: picking speed | C10: Slower-picking stores: late | D10: =COUNTIFS(c_slow,1,c_late,1) -> 179 | E10: =COUNTIFS(c_slow,1,c_deliv,1) -> 686 | F10: =D10/E10 -> 0.26093294 | G10: Faster-picking stores: late | H10: =COUNTIFS(c_slow,0,c_late,1) -> 184 | I10: =COUNTIFS(c_slow,0,c_deliv,1) -> 769 | J10: =H10/I10 -> 0.23927178 | K10: =(F10-J10)*100 -> 2.1661163 | L10: =SQRT(F10*(1-F10)/E10+J10*(1-J10)/I10)*100 -> 2.2755572 | M10: =K10-1.96*L10 -> -2.2939757 | N10: =K10+1.96*L10 -> 6.6262083 | O10: =IF(OR(ABS(M10)<0.05,ABS(N10)<0.05),"Borderline: CI edge at about 0",IF(OR(AND(M10>0,N10>0),AND(M10<0,N10<0)),"Clear: CI excludes 0","Not clear: CI includes 0")) -> Not clear: CI includes 0 | P10: x1: =COUNTIFS(c_slow,1,c_late,1) n1: =COUNTIFS(c_slow,1,c_deliv,1) x2: =COUNTIFS(c_slow,0,c_late,1) n2: =COUNTIFS(c_slow,0,c_deliv,1)
A11: T07 | B11: H6: new stores | C11: New stores (<180 days): late | D11: =COUNTIFS(c_new,1,c_late,1) -> 38 | E11: =COUNTIFS(c_new,1,c_deliv,1) -> 149 | F11: =D11/E11 -> 0.25503356 | G11: Older stores: late | H11: =COUNTIFS(c_new,0,c_late,1) -> 325 | I11: =COUNTIFS(c_new,0,c_deliv,1) -> 1306 | J11: =H11/I11 -> 0.24885145 | K11: =(F11-J11)*100 -> 0.61821022 | L11: =SQRT(F11*(1-F11)/E11+J11*(1-J11)/I11)*100 -> 3.7659498 | M11: =K11-1.96*L11 -> -6.7630513 | N11: =K11+1.96*L11 -> 7.9994718 | O11: =IF(OR(ABS(M11)<0.05,ABS(N11)<0.05),"Borderline: CI edge at about 0",IF(OR(AND(M11>0,N11>0),AND(M11<0,N11<0)),"Clear: CI excludes 0","Not clear: CI includes 0")) -> Not clear: CI includes 0 | P11: x1: =COUNTIFS(c_new,1,c_late,1) n1: =COUNTIFS(c_new,1,c_deliv,1) x2: =COUNTIFS(c_new,0,c_late,1) n2: =COUNTIFS(c_new,0,c_deliv,1)
A12: T08 | B12: Other: distance | C12: Up to 1 km: late | D12: =COUNTIFS(c_dist,"<=1",c_late,1) -> 77 | E12: =COUNTIFS(c_dist,"<=1") -> 356 | F12: =D12/E12 -> 0.21629213 | G12: Over 4 km: late | H12: =COUNTIFS(c_dist,">4",c_late,1) -> 21 | I12: =COUNTIFS(c_dist,">4") -> 64 | J12: =H12/I12 -> 0.328125 | K12: =(F12-J12)*100 -> -11.183287 | L12: =SQRT(F12*(1-F12)/E12+J12*(1-J12)/I12)*100 -> 6.2616475 | M12: =K12-1.96*L12 -> -23.456116 | N12: =K12+1.96*L12 -> 1.0895425 | O12: =IF(OR(ABS(M12)<0.05,ABS(N12)<0.05),"Borderline: CI edge at about 0",IF(OR(AND(M12>0,N12>0),AND(M12<0,N12<0)),"Clear: CI excludes 0","Not clear: CI includes 0")) -> Not clear: CI includes 0 | P12: x1: =COUNTIFS(c_dist,"<=1",c_late,1) n1: =COUNTIFS(c_dist,"<=1") x2: =COUNTIFS(c_dist,">4",c_late,1) n2: =COUNTIFS(c_dist,">4")
A13: T09 | B13: Other: event days | C13: Event days: late | D13: =COUNTIFS(c_event,1,c_late,1) -> 9 | E13: =COUNTIFS(c_event,1,c_deliv,1) -> 63 | F13: =D13/E13 -> 0.14285714 | G13: Other days: late | H13: =COUNTIFS(c_event,0,c_late,1) -> 354 | I13: =COUNTIFS(c_event,0,c_deliv,1) -> 1392 | J13: =H13/I13 -> 0.25431034 | K13: =(F13-J13)*100 -> -11.14532 | L13: =SQRT(F13*(1-F13)/E13+J13*(1-J13)/I13)*100 -> 4.5605567 | M13: =K13-1.96*L13 -> -20.084011 | N13: =K13+1.96*L13 -> -2.206629 | O13: =IF(OR(ABS(M13)<0.05,ABS(N13)<0.05),"Borderline: CI edge at about 0",IF(OR(AND(M13>0,N13>0),AND(M13<0,N13<0)),"Clear: CI excludes 0","Not clear: CI includes 0")) -> Clear: CI excludes 0 | P13: x1: =COUNTIFS(c_event,1,c_late,1) n1: =COUNTIFS(c_event,1,c_deliv,1) x2: =COUNTIFS(c_event,0,c_late,1) n2: =COUNTIFS(c_event,0,c_deliv,1)
A15: Note: the normal approximation is less reliable for small groups (for example 64 orders over 4 km, 63 on event days). "Not clear" means the data cannot tell the groups apart; it does not prove they are the same.

Sheet Tests_Means
A1: Tests_Means: differences between two averages, with 95% confidence intervals
A2: Method: Welch-style normal approximation. SE = √(s1²/n1 + s2²/n2) using sample SD (STDEV); 95% CI = (m1 − m2) ± 1.96 × SE. Stage times are estimates.
A4: ID | B4: Used for | C4: Group A | D4: Mean A (min) | E4: SD A | F4: n A | G4: Group B | H4: Mean B (min) | I4: SD B | J4: n B | K4: Difference A − B (min) | L4: SE (min) | M4: 95% CI low (min) | N4: 95% CI high (min) | O4: Reading | P4: Inputs
A5: U01 | B5: H1: estimated rider wait | C5: Peak | D5: =AVERAGE(c_wpk) -> 4.4137681 | E5: =STDEV(c_wpk) -> 2.3156132 | F5: =COUNT(c_wpk) -> 276 | G5: Off-peak | H5: =AVERAGE(c_wop) -> 3.3937235 | I5: =STDEV(c_wop) -> 1.8633936 | J5: =COUNT(c_wop) -> 1179 | K5: =D5-H5 -> 1.0200446 | L5: =SQRT(E5^2/F5+I5^2/J5) -> 0.14957552 | M5: =K5-1.96*L5 -> 0.72687659 | N5: =K5+1.96*L5 -> 1.3132126 | O5: =IF(OR(AND(M5>0,N5>0),AND(M5<0,N5<0)),"Clear: CI excludes 0","Not clear: CI includes 0") -> Clear: CI excludes 0 | P5: Calc_Orders ranges c_wpk and c_wop (delivered orders only)
A6: U02 | B6: H1: estimated picking | C6: Peak | D6: =AVERAGE(c_ppk) -> 3.1619565 | E6: =STDEV(c_ppk) -> 1.5220447 | F6: =COUNT(c_ppk) -> 276 | G6: Off-peak | H6: =AVERAGE(c_pop) -> 3.6914334 | I6: =STDEV(c_pop) -> 1.3857887 | J6: =COUNT(c_pop) -> 1179 | K6: =D6-H6 -> -0.5294769 | L6: =SQRT(E6^2/F6+I6^2/J6) -> 0.10011193 | M6: =K6-1.96*L6 -> -0.72569628 | N6: =K6+1.96*L6 -> -0.33325752 | O6: =IF(OR(AND(M6>0,N6>0),AND(M6<0,N6<0)),"Clear: CI excludes 0","Not clear: CI includes 0") -> Clear: CI excludes 0 | P6: Calc_Orders ranges c_ppk and c_pop (delivered orders only)
A7: U03 | B7: H2: promised minutes | C7: Peak | D7: =AVERAGE(c_prpk) -> 9.6018116 | E7: =STDEV(c_prpk) -> 1.1628008 | F7: =COUNT(c_prpk) -> 276 | G7: Off-peak | H7: =AVERAGE(c_prop) -> 10.503562 | I7: =STDEV(c_prop) -> 1.2568201 | J7: =COUNT(c_prop) -> 1179 | K7: =D7-H7 -> -0.90175075 | L7: =SQRT(E7^2/F7+I7^2/J7) -> 0.07898551 | M7: =K7-1.96*L7 -> -1.0565623 | N7: =K7+1.96*L7 -> -0.74693915 | O7: =IF(OR(AND(M7>0,N7>0),AND(M7<0,N7<0)),"Clear: CI excludes 0","Not clear: CI includes 0") -> Clear: CI excludes 0 | P7: Calc_Orders ranges c_prpk and c_prop (delivered orders only)
A8: U04 | B8: H2: actual minutes | C8: Peak | D8: =AVERAGE(c_acpk) -> 11.778261 | E8: =STDEV(c_acpk) -> 4.9265845 | F8: =COUNT(c_acpk) -> 276 | G8: Off-peak | H8: =AVERAGE(c_acop) -> 11.204919 | I8: =STDEV(c_acop) -> 3.347197 | J8: =COUNT(c_acop) -> 1179 | K8: =D8-H8 -> 0.57334145 | L8: =SQRT(E8^2/F8+I8^2/J8) -> 0.312157 | M8: =K8-1.96*L8 -> -0.038486279 | N8: =K8+1.96*L8 -> 1.1851692 | O8: =IF(OR(AND(M8>0,N8>0),AND(M8<0,N8<0)),"Clear: CI excludes 0","Not clear: CI includes 0") -> Not clear: CI includes 0 | P8: Calc_Orders ranges c_acpk and c_acop (delivered orders only)

Sheet Tests_Correlations
A1: Tests_Correlations: straight-line association (r) with 95% confidence intervals
A2: Method: Fisher z. z = FISHER(r); SE = 1/√(n − 3); CI = FISHERINV(z ± 1.96 × SE). r near 0 = no clear straight-line association, not proof of no relationship.
A4: ID | B4: Used for | C4: Measure X | D4: Measure Y | E4: Level | F4: n (pairs) | G4: r | H4: z = FISHER(r) | I4: SE = 1/√(n−3) | J4: 95% CI low (r) | K4: 95% CI high (r) | L4: Reading | M4: Formula for r
A5: R01 | B5: H4: store picking | C5: Store avg picking (min) | D5: Store late rate | E5: Store (20) | F5: =SUMPRODUCT(ISNUMBER(s_pick)*ISNUMBER(s_late_rate)) -> 20 | G5: =CORREL(s_pick,s_late_rate) -> 0.42604666 | H5: =FISHER(G5) -> 0.45505661 | I5: =1/SQRT(F5-3) -> 0.24253563 | J5: =FISHERINV(H5-1.96*I5) -> -0.020310425 | K5: =FISHERINV(H5+1.96*I5) -> 0.73079265 | L5: =IF(OR(AND(J5>0,K5>0),AND(J5<0,K5<0)),"Clear: CI excludes 0","No clear evidence: CI includes 0") -> No clear evidence: CI includes 0 | M5: =CORREL(s_pick,s_late_rate)
A6: R02 | B6: H4: staffing | C6: Staff per shift | D6: Store late rate | E6: Store (20) | F6: =SUMPRODUCT(ISNUMBER(s_staff)*ISNUMBER(s_late_rate)) -> 20 | G6: =CORREL(s_staff,s_late_rate) -> -0.064848528 | H6: =FISHER(G6) -> -0.064939661 | I6: =1/SQRT(F6-3) -> 0.24253563 | J6: =FISHERINV(H6-1.96*I6) -> -0.4932222 | K6: =FISHERINV(H6+1.96*I6) -> 0.38883787 | L6: =IF(OR(AND(J6>0,K6>0),AND(J6<0,K6<0)),"Clear: CI excludes 0","No clear evidence: CI includes 0") -> No clear evidence: CI includes 0 | M6: =CORREL(s_staff,s_late_rate)
A7: R03 | B7: H4: item availability | C7: Item availability | D7: Store late rate | E7: Store (20) | F7: =SUMPRODUCT(ISNUMBER(s_avail)*ISNUMBER(s_late_rate)) -> 20 | G7: =CORREL(s_avail,s_late_rate) -> 0.15808231 | H7: =FISHER(G7) -> 0.15941924 | I7: =1/SQRT(F7-3) -> 0.24253563 | J7: =FISHERINV(H7-1.96*I7) -> -0.30584085 | K7: =FISHERINV(H7+1.96*I7) -> 0.56134104 | L7: =IF(OR(AND(J7>0,K7>0),AND(J7<0,K7<0)),"Clear: CI excludes 0","No clear evidence: CI includes 0") -> No clear evidence: CI includes 0 | M7: =CORREL(s_avail,s_late_rate)
A8: R04 | B8: H6: store age | C8: Store age (days) | D8: Store late rate | E8: Store (20) | F8: =SUMPRODUCT(ISNUMBER(s_age)*ISNUMBER(s_late_rate)) -> 20 | G8: =CORREL(s_age,s_late_rate) -> 0.10863246 | H8: =FISHER(G8) -> 0.10906283 | I8: =1/SQRT(F8-3) -> 0.24253563 | J8: =FISHERINV(H8-1.96*I8) -> -0.35075726 | K8: =FISHERINV(H8+1.96*I8) -> 0.52587971 | L8: =IF(OR(AND(J8>0,K8>0),AND(J8<0,K8<0)),"Clear: CI excludes 0","No clear evidence: CI includes 0") -> No clear evidence: CI includes 0 | M8: =CORREL(s_age,s_late_rate)
A9: R05 | B9: H5: tickets | C9: Customer late share | D9: Support tickets | E9: Customer (250) | F9: =SUMPRODUCT(ISNUMBER(cu_late_share)*ISNUMBER(cu_tickets)) -> 250 | G9: =CORREL(cu_late_share,cu_tickets) -> 0.023125849 | H9: =FISHER(G9) -> 0.023129973 | I9: =1/SQRT(F9-3) -> 0.063628476 | J9: =FISHERINV(H9-1.96*I9) -> -0.10123387 | K9: =FISHERINV(H9+1.96*I9) -> 0.14677399 | L9: =IF(OR(AND(J9>0,K9>0),AND(J9<0,K9<0)),"Clear: CI excludes 0","No clear evidence: CI includes 0") -> No clear evidence: CI includes 0 | M9: =CORREL(cu_late_share,cu_tickets)
A10: R06 | B10: H5: refunds | C10: Customer late share | D10: Refunds and credits | E10: Customer (250) | F10: =SUMPRODUCT(ISNUMBER(cu_late_share)*ISNUMBER(cu_refunds)) -> 250 | G10: =CORREL(cu_late_share,cu_refunds) -> 0.084604731 | H10: =FISHER(G10) -> 0.084807468 | I10: =1/SQRT(F10-3) -> 0.063628476 | J10: =FISHERINV(H10-1.96*I10) -> -0.039883178 | K10: =FISHERINV(H10+1.96*I10) -> 0.20650633 | L10: =IF(OR(AND(J10>0,K10>0),AND(J10<0,K10<0)),"Clear: CI excludes 0","No clear evidence: CI includes 0") -> No clear evidence: CI includes 0 | M10: =CORREL(cu_late_share,cu_refunds)
A11: R07 | B11: H5: rating | C11: Customer late share | D11: Average rating | E11: Customer (250) | F11: =SUMPRODUCT(ISNUMBER(cu_late_share)*ISNUMBER(cu_rating)) -> 250 | G11: =CORREL(cu_late_share,cu_rating) -> 0.079652824 | H11: =FISHER(G11) -> 0.079821922 | I11: =1/SQRT(F11-3) -> 0.063628476 | J11: =FISHERINV(H11-1.96*I11) -> -0.044859763 | K11: =FISHERINV(H11+1.96*I11) -> 0.20172851 | L11: =IF(OR(AND(J11>0,K11>0),AND(J11<0,K11<0)),"Clear: CI excludes 0","No clear evidence: CI includes 0") -> No clear evidence: CI includes 0 | M11: =CORREL(cu_late_share,cu_rating)
A12: R08 | B12: Other: traffic | C12: Late (1/0) | D12: Traffic index | E12: Delivered order | F12: =SUMPRODUCT(ISNUMBER(c_late)*ISNUMBER(c_traf)) -> 1455 | G12: =CORREL(c_late,c_traf) -> 0.019111403 | H12: =FISHER(G12) -> 0.01911373 | I12: =1/SQRT(F12-3) -> 0.026243194 | J12: =FISHERINV(H12-1.96*I12) -> -0.032311678 | K12: =FISHERINV(H12+1.96*I12) -> 0.070433572 | L12: =IF(OR(AND(J12>0,K12>0),AND(J12<0,K12<0)),"Clear: CI excludes 0","No clear evidence: CI includes 0") -> No clear evidence: CI includes 0 | M12: =CORREL(c_late,c_traf)
A13: R09 | B13: H2: promise vs distance | C13: Promised minutes | D13: Distance km | E13: Delivered order | F13: =SUMPRODUCT(ISNUMBER(c_prom)*ISNUMBER(c_dist)) -> 1455 | G13: =CORREL(c_prom,c_dist) -> 0.32549719 | H13: =FISHER(G13) -> 0.33778354 | I13: =1/SQRT(F13-3) -> 0.026243194 | J13: =FISHERINV(H13-1.96*I13) -> 0.27876902 | K13: =FISHERINV(H13+1.96*I13) -> 0.37068777 | L13: =IF(OR(AND(J13>0,K13>0),AND(J13<0,K13<0)),"Clear: CI excludes 0","No clear evidence: CI includes 0") -> Clear: CI excludes 0 | M13: =CORREL(c_prom,c_dist)
A14: R10 | B14: Stages: picking vs wait | C14: Picking est. | D14: Wait est. | E14: Delivered order | F14: =SUMPRODUCT(ISNUMBER(c_pick)*ISNUMBER(c_wait)) -> 1455 | G14: =CORREL(c_pick,c_wait) -> 0.15164763 | H14: =FISHER(G14) -> 0.15282642 | I14: =1/SQRT(F14-3) -> 0.026243194 | J14: =FISHERINV(H14-1.96*I14) -> 0.10104376 | K14: =FISHERINV(H14+1.96*I14) -> 0.20146885 | L14: =IF(OR(AND(J14>0,K14>0),AND(J14<0,K14<0)),"Clear: CI excludes 0","No clear evidence: CI includes 0") -> Clear: CI excludes 0 | M14: =CORREL(c_pick,c_wait)

Sheet Breakdowns
A1: Breakdowns: group rates and cut-offs used in the comparisons
A2: Each rate shows its count and its denominator. These are descriptions of the 1,500 orders, not proof of cause.
A4: Cut-off | B4: Meaning | C4: All delivered orders | D4: Off-peak delivered orders | E4: Formulas
A5: P25 | B5: Q1 upper limit (25th percentile) | C5: =PERCENTILE(c_loadd,0.25) -> 0.78571429 | D5: =PERCENTILE(c_loadop,0.25) -> 0.75 | E5: All: =PERCENTILE(c_loadd,0.25) Off-peak: =PERCENTILE(c_loadop,0.25)
A6: P50 | B6: Q2 upper limit (median) | C6: =PERCENTILE(c_loadd,0.5) -> 1 | D6: =PERCENTILE(c_loadop,0.5) -> 0.91304348 | E6: All: =PERCENTILE(c_loadd,0.5) Off-peak: =PERCENTILE(c_loadop,0.5)
A7: P75 | B7: Q3 upper limit (75th percentile) | C7: =PERCENTILE(c_loadd,0.75) -> 1.2173913 | D7: =PERCENTILE(c_loadop,0.75) -> 1.0666667 | E7: All: =PERCENTILE(c_loadd,0.75) Off-peak: =PERCENTILE(c_loadop,0.75)
A8: Load ratio = orders placed in the store-hour (Demand) ÷ store typical orders per hour (Stores). Quartiles = four equal-sized groups; Q4 = load above the 75th percentile.
A10: Table | B10: Group | C10: Count (numerator) | D10: Denominator | E10: Denominator means | F10: Rate / value | G10: Formulas (count, denominator, rate) | H10: Note
A11: H1 by distance | B11: Up to 1.5 km, peak: severely late | C11: =COUNTIFS(c_band,"Up to 1.5 km",c_peak,1,c_sev,1) -> 21 | D11: =COUNTIFS(c_band,"Up to 1.5 km",c_peak,1) -> 109 | E11: Delivered orders, Up to 1.5 km, peak | F11: =C11/D11 -> 0.19266055 | G11: Count: =COUNTIFS(c_band,"Up to 1.5 km",c_peak,1,c_sev,1) Denominator: =COUNTIFS(c_band,"Up to 1.5 km",c_peak,1) Value: =C11/D11
A12: H1 by distance | B12: Up to 1.5 km, off-peak: severely late | C12: =COUNTIFS(c_band,"Up to 1.5 km",c_peak,0,c_sev,1) -> 40 | D12: =COUNTIFS(c_band,"Up to 1.5 km",c_peak,0) -> 493 | E12: Delivered orders, Up to 1.5 km, off-peak | F12: =C12/D12 -> 0.081135903 | G12: Count: =COUNTIFS(c_band,"Up to 1.5 km",c_peak,0,c_sev,1) Denominator: =COUNTIFS(c_band,"Up to 1.5 km",c_peak,0) Value: =C12/D12
A13: H1 by distance | B13: 1.5–3 km, peak: severely late | C13: =COUNTIFS(c_band,"1.5–3 km",c_peak,1,c_sev,1) -> 31 | D13: =COUNTIFS(c_band,"1.5–3 km",c_peak,1) -> 114 | E13: Delivered orders, 1.5–3 km, peak | F13: =C13/D13 -> 0.27192982 | G13: Count: =COUNTIFS(c_band,"1.5–3 km",c_peak,1,c_sev,1) Denominator: =COUNTIFS(c_band,"1.5–3 km",c_peak,1) Value: =C13/D13
A14: H1 by distance | B14: 1.5–3 km, off-peak: severely late | C14: =COUNTIFS(c_band,"1.5–3 km",c_peak,0,c_sev,1) -> 57 | D14: =COUNTIFS(c_band,"1.5–3 km",c_peak,0) -> 501 | E14: Delivered orders, 1.5–3 km, off-peak | F14: =C14/D14 -> 0.11377246 | G14: Count: =COUNTIFS(c_band,"1.5–3 km",c_peak,0,c_sev,1) Denominator: =COUNTIFS(c_band,"1.5–3 km",c_peak,0) Value: =C14/D14
A15: H1 by distance | B15: Over 3 km, peak: severely late | C15: =COUNTIFS(c_band,"Over 3 km",c_peak,1,c_sev,1) -> 17 | D15: =COUNTIFS(c_band,"Over 3 km",c_peak,1) -> 53 | E15: Delivered orders, Over 3 km, peak | F15: =C15/D15 -> 0.32075472 | G15: Count: =COUNTIFS(c_band,"Over 3 km",c_peak,1,c_sev,1) Denominator: =COUNTIFS(c_band,"Over 3 km",c_peak,1) Value: =C15/D15
A16: H1 by distance | B16: Over 3 km, off-peak: severely late | C16: =COUNTIFS(c_band,"Over 3 km",c_peak,0,c_sev,1) -> 42 | D16: =COUNTIFS(c_band,"Over 3 km",c_peak,0) -> 185 | E16: Delivered orders, Over 3 km, off-peak | F16: =C16/D16 -> 0.22702703 | G16: Count: =COUNTIFS(c_band,"Over 3 km",c_peak,0,c_sev,1) Denominator: =COUNTIFS(c_band,"Over 3 km",c_peak,0) Value: =C16/D16
A17: H1 cut-off check | B17: Later than 3 min, peak | C17: =COUNTIFS(c_o3,1,c_peak,1) -> 76 | D17: =COUNTIFS(c_deliv,1,c_peak,1) -> 276 | E17: Delivered orders, peak | F17: =C17/D17 -> 0.27536232 | G17: Count: =COUNTIFS(c_o3,1,c_peak,1) Denominator: =COUNTIFS(c_deliv,1,c_peak,1) Value: =C17/D17
A18: H1 cut-off check | B18: Later than 3 min, off-peak | C18: =COUNTIFS(c_o3,1,c_peak,0) -> 204 | D18: =COUNTIFS(c_deliv,1,c_peak,0) -> 1179 | E18: Delivered orders, off-peak | F18: =C18/D18 -> 0.17302799 | G18: Count: =COUNTIFS(c_o3,1,c_peak,0) Denominator: =COUNTIFS(c_deliv,1,c_peak,0) Value: =C18/D18
A19: H1 cut-off check | B19: Later than 5 min, peak | C19: =COUNTIFS(c_sev,1,c_peak,1) -> 69 | D19: =COUNTIFS(c_deliv,1,c_peak,1) -> 276 | E19: Delivered orders, peak | F19: =C19/D19 -> 0.25 | G19: Count: =COUNTIFS(c_sev,1,c_peak,1) Denominator: =COUNTIFS(c_deliv,1,c_peak,1) Value: =C19/D19
A20: H1 cut-off check | B20: Later than 5 min, off-peak | C20: =COUNTIFS(c_sev,1,c_peak,0) -> 139 | D20: =COUNTIFS(c_deliv,1,c_peak,0) -> 1179 | E20: Delivered orders, off-peak | F20: =C20/D20 -> 0.11789652 | G20: Count: =COUNTIFS(c_sev,1,c_peak,0) Denominator: =COUNTIFS(c_deliv,1,c_peak,0) Value: =C20/D20
A21: H1 cut-off check | B21: Later than 7 min, peak | C21: =COUNTIFS(c_o7,1,c_peak,1) -> 60 | D21: =COUNTIFS(c_deliv,1,c_peak,1) -> 276 | E21: Delivered orders, peak | F21: =C21/D21 -> 0.2173913 | G21: Count: =COUNTIFS(c_o7,1,c_peak,1) Denominator: =COUNTIFS(c_deliv,1,c_peak,1) Value: =C21/D21
A22: H1 cut-off check | B22: Later than 7 min, off-peak | C22: =COUNTIFS(c_o7,1,c_peak,0) -> 92 | D22: =COUNTIFS(c_deliv,1,c_peak,0) -> 1179 | E22: Delivered orders, off-peak | F22: =C22/D22 -> 0.078032231 | G22: Count: =COUNTIFS(c_o7,1,c_peak,0) Denominator: =COUNTIFS(c_deliv,1,c_peak,0) Value: =C22/D22 | H22: Same pattern at every cut-off
A23: H1 delay size | B23: Average minutes late, late peak orders | C23: =COUNT(c_ldpk) -> 80 | E23: Late peak orders (count in C) | F23: =AVERAGE(c_ldpk) -> 9.18875 | G23: Count: =COUNT(c_ldpk) Value: =AVERAGE(c_ldpk)
A24: H1 delay size | B24: Average minutes late, late off-peak orders | C24: =COUNT(c_ldop) -> 283 | E24: Late off-peak orders (count in C) | F24: =AVERAGE(c_ldop) -> 5.4303887 | G24: Count: =COUNT(c_ldop) Value: =AVERAGE(c_ldop)
A25: H2 by rain | B25: None rain: late | C25: =COUNTIFS(c_rain,"None",c_late,1) -> 257 | D25: =COUNTIFS(c_rain,"None",c_deliv,1) -> 1038 | E25: Delivered orders in none rain | F25: =C25/D25 -> 0.24759152 | G25: Count: =COUNTIFS(c_rain,"None",c_late,1) Denominator: =COUNTIFS(c_rain,"None",c_deliv,1) Value: =C25/D25 | H25: Blank rain = None (agreed rule)
A26: H2 by rain | B26: Light rain: late | C26: =COUNTIFS(c_rain,"Light",c_late,1) -> 68 | D26: =COUNTIFS(c_rain,"Light",c_deliv,1) -> 305 | E26: Delivered orders in light rain | F26: =C26/D26 -> 0.22295082 | G26: Count: =COUNTIFS(c_rain,"Light",c_late,1) Denominator: =COUNTIFS(c_rain,"Light",c_deliv,1) Value: =C26/D26
A27: H2 by rain | B27: Heavy rain: late | C27: =COUNTIFS(c_rain,"Heavy",c_late,1) -> 38 | D27: =COUNTIFS(c_rain,"Heavy",c_deliv,1) -> 112 | E27: Delivered orders in heavy rain | F27: =C27/D27 -> 0.33928571 | G27: Count: =COUNTIFS(c_rain,"Heavy",c_late,1) Denominator: =COUNTIFS(c_rain,"Heavy",c_deliv,1) Value: =C27/D27
A28: H2 promise by rain | B28: None rain: average promise | C28: =COUNTIFS(c_rain,"None",c_deliv,1) -> 1038 | E28: Delivered orders (count in C) | F28: =AVERAGEIFS(c_prom,c_rain,"None") -> 10.358285 | G28: Count: =COUNTIFS(c_rain,"None",c_deliv,1) Value: =AVERAGEIFS(c_prom,c_rain,"None")
A29: H2 promise by rain | B29: Light rain: average promise | C29: =COUNTIFS(c_rain,"Light",c_deliv,1) -> 305 | E29: Delivered orders (count in C) | F29: =AVERAGEIFS(c_prom,c_rain,"Light") -> 10.319016 | G29: Count: =COUNTIFS(c_rain,"Light",c_deliv,1) Value: =AVERAGEIFS(c_prom,c_rain,"Light")
A30: H2 promise by rain | B30: Heavy rain: average promise | C30: =COUNTIFS(c_rain,"Heavy",c_deliv,1) -> 112 | E30: Delivered orders (count in C) | F30: =AVERAGEIFS(c_prom,c_rain,"Heavy") -> 10.130357 | G30: Count: =COUNTIFS(c_rain,"Heavy",c_deliv,1) Value: =AVERAGEIFS(c_prom,c_rain,"Heavy")
A31: H3 off-peak quartiles | B31: Load quartile Q1 (off-peak): late | C31: =COUNTIFS(c_qop,1,c_late,1) -> 65 | D31: =COUNTIFS(c_qop,1) -> 300 | E31: Off-peak delivered orders in Q1 | F31: =C31/D31 -> 0.21666667 | G31: Count: =COUNTIFS(c_qop,1,c_late,1) Denominator: =COUNTIFS(c_qop,1) Value: =C31/D31
A32: H3 off-peak quartiles | B32: Load quartile Q2 (off-peak): late | C32: =COUNTIFS(c_qop,2,c_late,1) -> 72 | D32: =COUNTIFS(c_qop,2) -> 290 | E32: Off-peak delivered orders in Q2 | F32: =C32/D32 -> 0.24827586 | G32: Count: =COUNTIFS(c_qop,2,c_late,1) Denominator: =COUNTIFS(c_qop,2) Value: =C32/D32
A33: H3 off-peak quartiles | B33: Load quartile Q3 (off-peak): late | C33: =COUNTIFS(c_qop,3,c_late,1) -> 67 | D33: =COUNTIFS(c_qop,3) -> 297 | E33: Off-peak delivered orders in Q3 | F33: =C33/D33 -> 0.22558923 | G33: Count: =COUNTIFS(c_qop,3,c_late,1) Denominator: =COUNTIFS(c_qop,3) Value: =C33/D33
A34: H3 off-peak quartiles | B34: Load quartile Q4 (off-peak): late | C34: =COUNTIFS(c_qop,4,c_late,1) -> 79 | D34: =COUNTIFS(c_qop,4) -> 292 | E34: Off-peak delivered orders in Q4 | F34: =C34/D34 -> 0.27054795 | G34: Count: =COUNTIFS(c_qop,4,c_late,1) Denominator: =COUNTIFS(c_qop,4) Value: =C34/D34
A35: H3 overlap | B35: Lowest load ratio among peak delivered orders | C35: =COUNTIFS(c_deliv,1,c_peak,1) -> 276 | E35: Peak delivered orders (count in C) | F35: =_xlfn.MINIFS(c_load,c_peak,1,c_deliv,1) -> 1.0454545 | G35: Count: =COUNTIFS(c_deliv,1,c_peak,1) Value: =MINIFS(c_load,c_peak,1,c_deliv,1) | H35: Every peak hour is a high-load hour
A36: Late rate by city | B36: Bengaluru: late | C36: =COUNTIFS(c_city,"Bengaluru",c_late,1) -> 69 | D36: =COUNTIFS(c_city,"Bengaluru",c_deliv,1) -> 260 | E36: Delivered orders in Bengaluru | F36: =C36/D36 -> 0.26538462 | G36: Count: =COUNTIFS(c_city,"Bengaluru",c_late,1) Denominator: =COUNTIFS(c_city,"Bengaluru",c_deliv,1) Value: =C36/D36
A37: Late rate by city | B37: Delhi: late | C37: =COUNTIFS(c_city,"Delhi",c_late,1) -> 79 | D37: =COUNTIFS(c_city,"Delhi",c_deliv,1) -> 299 | E37: Delivered orders in Delhi | F37: =C37/D37 -> 0.26421405 | G37: Count: =COUNTIFS(c_city,"Delhi",c_late,1) Denominator: =COUNTIFS(c_city,"Delhi",c_deliv,1) Value: =C37/D37
A38: Late rate by city | B38: Hyderabad: late | C38: =COUNTIFS(c_city,"Hyderabad",c_late,1) -> 76 | D38: =COUNTIFS(c_city,"Hyderabad",c_deliv,1) -> 294 | E38: Delivered orders in Hyderabad | F38: =C38/D38 -> 0.2585034 | G38: Count: =COUNTIFS(c_city,"Hyderabad",c_late,1) Denominator: =COUNTIFS(c_city,"Hyderabad",c_deliv,1) Value: =C38/D38
A39: Late rate by city | B39: Mumbai: late | C39: =COUNTIFS(c_city,"Mumbai",c_late,1) -> 80 | D39: =COUNTIFS(c_city,"Mumbai",c_deliv,1) -> 297 | E39: Delivered orders in Mumbai | F39: =C39/D39 -> 0.26936027 | G39: Count: =COUNTIFS(c_city,"Mumbai",c_late,1) Denominator: =COUNTIFS(c_city,"Mumbai",c_deliv,1) Value: =C39/D39
A40: Late rate by city | B40: Pune: late | C40: =COUNTIFS(c_city,"Pune",c_late,1) -> 59 | D40: =COUNTIFS(c_city,"Pune",c_deliv,1) -> 305 | E40: Delivered orders in Pune | F40: =C40/D40 -> 0.19344262 | G40: Count: =COUNTIFS(c_city,"Pune",c_late,1) Denominator: =COUNTIFS(c_city,"Pune",c_deliv,1) Value: =C40/D40
A41: H5 customers | B41: Customers whose main ticket is late delivery: avg late share | C41: =SUM(cu_lateticket) -> 35 | E41: Customers (count in C) | F41: =AVERAGEIFS(cu_late_share,cu_lateticket,1) -> 0.23857452 | G41: Count: =SUM(cu_lateticket) Value: =AVERAGEIFS(cu_late_share,cu_lateticket,1) | H41: Average of each customer's late share
A42: H5 customers | B42: Other customers: avg late share | C42: =COUNTIFS(cu_lateticket,0) -> 215 | E42: Customers (count in C) | F42: =AVERAGEIFS(cu_late_share,cu_lateticket,0) -> 0.25199221 | G42: Count: =COUNTIFS(cu_lateticket,0) Value: =AVERAGEIFS(cu_late_share,cu_lateticket,0)
A43: H5 customers | B43: Support tickets, total | E43: Customer level only | F43: =SUM(cu_tickets) -> 414 | G43: Value: =SUM(cu_tickets) | H43: Not linked to orders, so not double-counted
A44: H5 customers | B44: Refunds and credits, total (₹) | E44: Customer level only | F44: =SUM(cu_refunds) -> 13575 | G44: Value: =SUM(cu_refunds)

Sheet Checks
A1: Checks: totals, keys, missing values, joins, formula errors and agreement with the final submission
A2: Expected values are typed from the final submission or from the data rules; results are live formulas. Status is OK only when they agree. Nothing is forced to match.
A3: Checks passed: | C3: =COUNTIFS(G5:G96,"OK")&" of "&ROWS(G5:G96) -> 92 of 92
A4: ID | B4: Area | C4: Check | D4: Result (formula) | E4: Expected | F4: Tolerance | G4: Status | H4: Formula | I4: Note
A5: K01 | B5: Submission totals | C5: Orders placed (Metrics M01) | D5: =Metrics!$G$4 -> 1500 | E5: 1500 | F5: 0 | G5: =IF(ISERROR(D5),"INVESTIGATE",IF(ABS(D5-E5)<=F5,"OK","INVESTIGATE")) -> OK | H5: =Metrics!$G$4
A6: K02 | B6: Submission totals | C6: Delivered (Metrics M02) | D6: =Metrics!$G$5 -> 1455 | E6: 1455 | F6: 0 | G6: =IF(ISERROR(D6),"INVESTIGATE",IF(ABS(D6-E6)<=F6,"OK","INVESTIGATE")) -> OK | H6: =Metrics!$G$5
A7: K03 | B7: Submission totals | C7: On time (Metrics M12) | D7: =Metrics!$G$15 -> 1092 | E7: 1092 | F7: 0 | G7: =IF(ISERROR(D7),"INVESTIGATE",IF(ABS(D7-E7)<=F7,"OK","INVESTIGATE")) -> OK | H7: =Metrics!$G$15
A8: K04 | B8: Submission totals | C8: Late (Metrics M13) | D8: =Metrics!$G$16 -> 363 | E8: 363 | F8: 0 | G8: =IF(ISERROR(D8),"INVESTIGATE",IF(ABS(D8-E8)<=F8,"OK","INVESTIGATE")) -> OK | H8: =Metrics!$G$16
A9: K05 | B9: Submission totals | C9: Company-caused cancellations (Metrics M06) | D9: =Metrics!$G$9 -> 26 | E9: 26 | F9: 0 | G9: =IF(ISERROR(D9),"INVESTIGATE",IF(ABS(D9-E9)<=F9,"OK","INVESTIGATE")) -> OK | H9: =Metrics!$G$9
A10: K06 | B10: Submission totals | C10: Unresolved cancellations (Metrics M09) | D10: =Metrics!$G$12 -> 19 | E10: 19 | F10: 0 | G10: =IF(ISERROR(D10),"INVESTIGATE",IF(ABS(D10-E10)<=F10,"OK","INVESTIGATE")) -> OK | H10: =Metrics!$G$12
A11: K07 | B11: Submission totals | C11: Eligible orders (E) (Metrics M11) | D11: =Metrics!$G$14 -> 1481 | E11: 1481 | F11: 0 | G11: =IF(ISERROR(D11),"INVESTIGATE",IF(ABS(D11-E11)<=F11,"OK","INVESTIGATE")) -> OK | H11: =Metrics!$G$14
A12: K08 | B12: Submission totals | C12: B1 slightly late (Metrics M14) | D12: =Metrics!$G$17 -> 155 | E12: 155 | F12: 0 | G12: =IF(ISERROR(D12),"INVESTIGATE",IF(ABS(D12-E12)<=F12,"OK","INVESTIGATE")) -> OK | H12: =Metrics!$G$17
A13: K09 | B13: Submission totals | C13: B2 severely late (Metrics M15) | D13: =Metrics!$G$18 -> 208 | E13: 208 | F13: 0 | G13: =IF(ISERROR(D13),"INVESTIGATE",IF(ABS(D13-E13)<=F13,"OK","INVESTIGATE")) -> OK | H13: =Metrics!$G$18
A14: K10 | B14: Submission totals | C14: B1a (Metrics M16) | D14: =Metrics!$G$19 -> 11 | E14: 11 | F14: 0 | G14: =IF(ISERROR(D14),"INVESTIGATE",IF(ABS(D14-E14)<=F14,"OK","INVESTIGATE")) -> OK | H14: =Metrics!$G$19
A15: K11 | B15: Submission totals | C15: B1b (Metrics M17) | D15: =Metrics!$G$20 -> 144 | E15: 144 | F15: 0 | G15: =IF(ISERROR(D15),"INVESTIGATE",IF(ABS(D15-E15)<=F15,"OK","INVESTIGATE")) -> OK | H15: =Metrics!$G$20
A16: K12 | B16: Submission totals | C16: B2a (Metrics M18) | D16: =Metrics!$G$21 -> 69 | E16: 69 | F16: 0 | G16: =IF(ISERROR(D16),"INVESTIGATE",IF(ABS(D16-E16)<=F16,"OK","INVESTIGATE")) -> OK | H16: =Metrics!$G$21
A17: K13 | B17: Submission totals | C17: B2b (Metrics M19) | D17: =Metrics!$G$22 -> 139 | E17: 139 | F17: 0 | G17: =IF(ISERROR(D17),"INVESTIGATE",IF(ABS(D17-E17)<=F17,"OK","INVESTIGATE")) -> OK | H17: =Metrics!$G$22
A18: K14 | B18: Submission totals | C18: C1 rider unavailable (Metrics M04) | D18: =Metrics!$G$7 -> 18 | E18: 18 | F18: 0 | G18: =IF(ISERROR(D18),"INVESTIGATE",IF(ABS(D18-E18)<=F18,"OK","INVESTIGATE")) -> OK | H18: =Metrics!$G$7
A19: K15 | B19: Submission totals | C19: C2 item unavailable (Metrics M05) | D19: =Metrics!$G$8 -> 8 | E19: 8 | F19: 0 | G19: =IF(ISERROR(D19),"INVESTIGATE",IF(ABS(D19-E19)<=F19,"OK","INVESTIGATE")) -> OK | H19: =Metrics!$G$8
A20: K16 | B20: Submission totals | C20: Payment issue (Metrics M07) | D20: =Metrics!$G$10 -> 8 | E20: 8 | F20: 0 | G20: =IF(ISERROR(D20),"INVESTIGATE",IF(ABS(D20-E20)<=F20,"OK","INVESTIGATE")) -> OK | H20: =Metrics!$G$10
A21: K17 | B21: Submission totals | C21: Customer cancelled (Metrics M08) | D21: =Metrics!$G$11 -> 11 | E21: 11 | F21: 0 | G21: =IF(ISERROR(D21),"INVESTIGATE",IF(ABS(D21-E21)<=F21,"OK","INVESTIGATE")) -> OK | H21: =Metrics!$G$11
A22: K18 | B22: Submission rates | C22: North Star (provisional) (Metrics M20) | D22: =Metrics!$G$23 -> 0.73733964 | E22: 0.737 | F22: 0.0005 | G22: =IF(ISERROR(D22),"INVESTIGATE",IF(ABS(D22-E22)<=F22,"OK","INVESTIGATE")) -> OK | H22: =Metrics!$G$23 | I22: Tolerance = half of the last digit shown in the submission
A23: K19 | B23: Submission rates | C23: North Star lower end (Metrics M21) | D23: =Metrics!$G$24 -> 0.728 | E23: 0.728 | F23: 0.0005 | G23: =IF(ISERROR(D23),"INVESTIGATE",IF(ABS(D23-E23)<=F23,"OK","INVESTIGATE")) -> OK | H23: =Metrics!$G$24 | I23: Tolerance = half of the last digit shown in the submission
A24: K20 | B24: Submission rates | C24: On time among delivered (Metrics M22) | D24: =Metrics!$G$25 -> 0.75051546 | E24: 0.751 | F24: 0.0005 | G24: =IF(ISERROR(D24),"INVESTIGATE",IF(ABS(D24-E24)<=F24,"OK","INVESTIGATE")) -> OK | H24: =Metrics!$G$25 | I24: Tolerance = half of the last digit shown in the submission
A25: K21 | B25: Submission rates | C25: Cancellation rate (Metrics M23) | D25: =Metrics!$G$26 -> 0.03 | E25: 0.03 | F25: 0.0005 | G25: =IF(ISERROR(D25),"INVESTIGATE",IF(ABS(D25-E25)<=F25,"OK","INVESTIGATE")) -> OK | H25: =Metrics!$G$26 | I25: Tolerance = half of the last digit shown in the submission
A26: K22 | B26: Submission rates | C26: Average delivery time (min) (Metrics M25) | D26: =Metrics!$G$39 -> 11.313677 | E26: 11.31 | F26: 0.005 | G26: =IF(ISERROR(D26),"INVESTIGATE",IF(ABS(D26-E26)<=F26,"OK","INVESTIGATE")) -> OK | H26: =Metrics!$G$39 | I26: Tolerance = half of the last digit shown in the submission
A27: K23 | B27: Submission rates | C27: P90 delivery time (min) (Metrics M26) | D27: =Metrics!$G$40 -> 17.2 | E27: 17.2 | F27: 0.05 | G27: =IF(ISERROR(D27),"INVESTIGATE",IF(ABS(D27-E27)<=F27,"OK","INVESTIGATE")) -> OK | H27: =Metrics!$G$40 | I27: Tolerance = half of the last digit shown in the submission
A28: K24 | B28: Submission rates | C28: Average promise, delivered (min) (Metrics M27) | D28: =Metrics!$G$41 -> 10.332509 | E28: 10.33 | F28: 0.005 | G28: =IF(ISERROR(D28),"INVESTIGATE",IF(ABS(D28-E28)<=F28,"OK","INVESTIGATE")) -> OK | H28: =Metrics!$G$41 | I28: Tolerance = half of the last digit shown in the submission
A29: K25 | B29: Submission tests | C29: H1 severe, peak (Tests_Proportions row 5) | D29: =Tests_Proportions!$F$5 -> 0.25 | E29: 0.25 | F29: 0.0005 | G29: =IF(ISERROR(D29),"INVESTIGATE",IF(ABS(D29-E29)<=F29,"OK","INVESTIGATE")) -> OK | H29: =Tests_Proportions!$F$5
A30: K26 | B30: Submission tests | C30: H1 severe, off-peak (Tests_Proportions row 5) | D30: =Tests_Proportions!$J$5 -> 0.11789652 | E30: 0.118 | F30: 0.0005 | G30: =IF(ISERROR(D30),"INVESTIGATE",IF(ABS(D30-E30)<=F30,"OK","INVESTIGATE")) -> OK | H30: =Tests_Proportions!$J$5
A31: K27 | B31: Submission tests | C31: H1 CI low (pts) (Tests_Proportions row 5) | D31: =Tests_Proportions!$M$5 -> 7.7802083 | E31: 7.8 | F31: 0.05 | G31: =IF(ISERROR(D31),"INVESTIGATE",IF(ABS(D31-E31)<=F31,"OK","INVESTIGATE")) -> OK | H31: =Tests_Proportions!$M$5
A32: K28 | B32: Submission tests | C32: H1 CI high (pts) (Tests_Proportions row 5) | D32: =Tests_Proportions!$N$5 -> 18.640487 | E32: 18.6 | F32: 0.05 | G32: =IF(ISERROR(D32),"INVESTIGATE",IF(ABS(D32-E32)<=F32,"OK","INVESTIGATE")) -> OK | H32: =Tests_Proportions!$N$5
A33: K29 | B33: Submission tests | C33: H2 promise peak (min) (Tests_Means row 7) | D33: =Tests_Means!$D$7 -> 9.6018116 | E33: 9.6 | F33: 0.05 | G33: =IF(ISERROR(D33),"INVESTIGATE",IF(ABS(D33-E33)<=F33,"OK","INVESTIGATE")) -> OK | H33: =Tests_Means!$D$7
A34: K30 | B34: Submission tests | C34: H2 promise off-peak (min) (Tests_Means row 7) | D34: =Tests_Means!$H$7 -> 10.503562 | E34: 10.5 | F34: 0.05 | G34: =IF(ISERROR(D34),"INVESTIGATE",IF(ABS(D34-E34)<=F34,"OK","INVESTIGATE")) -> OK | H34: =Tests_Means!$H$7
A35: K31 | B35: Submission tests | C35: Est. wait difference (min) (Tests_Means row 5) | D35: =Tests_Means!$K$5 -> 1.0200446 | E35: 1.02 | F35: 0.005 | G35: =IF(ISERROR(D35),"INVESTIGATE",IF(ABS(D35-E35)<=F35,"OK","INVESTIGATE")) -> OK | H35: =Tests_Means!$K$5
A36: K32 | B36: Submission tests | C36: H3 off-peak Q4 late (Tests_Proportions row 9) | D36: =Tests_Proportions!$F$9 -> 0.27054795 | E36: 0.271 | F36: 0.0005 | G36: =IF(ISERROR(D36),"INVESTIGATE",IF(ABS(D36-E36)<=F36,"OK","INVESTIGATE")) -> OK | H36: =Tests_Proportions!$F$9
A37: K33 | B37: Submission tests | C37: H3 off-peak Q1 late (Tests_Proportions row 9) | D37: =Tests_Proportions!$J$9 -> 0.21666667 | E37: 0.217 | F37: 0.0005 | G37: =IF(ISERROR(D37),"INVESTIGATE",IF(ABS(D37-E37)<=F37,"OK","INVESTIGATE")) -> OK | H37: =Tests_Proportions!$J$9
A38: K34 | B38: Submission tests | C38: H4 store r (Tests_Correlations row 5) | D38: =Tests_Correlations!$G$5 -> 0.42604666 | E38: 0.43 | F38: 0.005 | G38: =IF(ISERROR(D38),"INVESTIGATE",IF(ABS(D38-E38)<=F38,"OK","INVESTIGATE")) -> OK | H38: =Tests_Correlations!$G$5
A39: K35 | B39: Submission tests | C39: H5 tickets r (Tests_Correlations row 9) | D39: =Tests_Correlations!$G$9 -> 0.023125849 | E39: 0.02 | F39: 0.005 | G39: =IF(ISERROR(D39),"INVESTIGATE",IF(ABS(D39-E39)<=F39,"OK","INVESTIGATE")) -> OK | H39: =Tests_Correlations!$G$9
A40: K36 | B40: Submission tests | C40: H6 new stores late (Tests_Proportions row 11) | D40: =Tests_Proportions!$F$11 -> 0.25503356 | E40: 0.255 | F40: 0.0005 | G40: =IF(ISERROR(D40),"INVESTIGATE",IF(ABS(D40-E40)<=F40,"OK","INVESTIGATE")) -> OK | H40: =Tests_Proportions!$F$11
A41: K37 | B41: Consistency | C41: Tree counts: A + B + C − E | D41: =Metrics!$G$38 -> 0 | E41: 0 | F41: 0 | G41: =IF(ISERROR(D41),"INVESTIGATE",IF(ABS(D41-E41)<=F41,"OK","INVESTIGATE")) -> OK | H41: =Metrics!$G$38
A42: K38 | B42: Consistency | C42: Cancellations not in either class | D42: =Metrics!$G$13 -> 0 | E42: 0 | F42: 0 | G42: =IF(ISERROR(D42),"INVESTIGATE",IF(ABS(D42-E42)<=F42,"OK","INVESTIGATE")) -> OK | H42: =Metrics!$G$13
A43: K39 | B43: Consistency | C43: B1a + B1b − B1 | D43: =Metrics!$G$19+Metrics!$G$20-Metrics!$G$17 -> 0 | E43: 0 | F43: 0 | G43: =IF(ISERROR(D43),"INVESTIGATE",IF(ABS(D43-E43)<=F43,"OK","INVESTIGATE")) -> OK | H43: =Metrics!$G$19+Metrics!$G$20-Metrics!$G$17
A44: K40 | B44: Consistency | C44: B2a + B2b − B2 | D44: =Metrics!$G$21+Metrics!$G$22-Metrics!$G$18 -> 0 | E44: 0 | F44: 0 | G44: =IF(ISERROR(D44),"INVESTIGATE",IF(ABS(D44-E44)<=F44,"OK","INVESTIGATE")) -> OK | H44: =Metrics!$G$21+Metrics!$G$22-Metrics!$G$18
A45: K41 | B45: Consistency | C45: Delivered orders whose three stage estimates do not sum to the actual minutes within 0.1 (after rounding) | D45: =COUNTIFS(c_sum01,0) -> 0 | E45: 0 | F45: 0 | G45: =IF(ISERROR(D45),"INVESTIGATE",IF(ABS(D45-E45)<=F45,"OK","INVESTIGATE")) -> OK | H45: =COUNTIFS(c_sum01,0) | I45: Tolerance applied with ROUND(…,6) so floating-point noise is not counted as a mismatch
A46: K42 | B46: Consistency | C46: Stage-sum check covers every delivered order | D46: =COUNT(c_sum01)-Metrics!$G$5 -> 0 | E46: 0 | F46: 0 | G46: =IF(ISERROR(D46),"INVESTIGATE",IF(ABS(D46-E46)<=F46,"OK","INVESTIGATE")) -> OK | H46: =COUNT(c_sum01)-Metrics!$G$5
A47: K43 | B47: Consistency | C47: Peak rule agrees with is_peak_hour (rows that disagree) | D47: =ROWS(c_peakok)-SUM(c_peakok) -> 0 | E47: 0 | F47: 0 | G47: =IF(ISERROR(D47),"INVESTIGATE",IF(ABS(D47-E47)<=F47,"OK","INVESTIGATE")) -> OK | H47: =ROWS(c_peakok)-SUM(c_peakok) | I47: Peak = 19:00 up to 22:00
A48: K44 | B48: Consistency | C48: delay_min ≠ (actual − promised) × 1440 (delivered rows) | D48: =COUNTIFS(c_delaychk,0) -> 0 | E48: 0 | F48: 0 | G48: =IF(ISERROR(D48),"INVESTIGATE",IF(ABS(D48-E48)<=F48,"OK","INVESTIGATE")) -> OK | H48: =COUNTIFS(c_delaychk,0)
A49: K45 | B49: Consistency | C49: promised_eta ≠ (promised − placed) × 1440 (rows) | D49: =COUNTIFS(c_promchk,0) -> 0 | E49: 0 | F49: 0 | G49: =IF(ISERROR(D49),"INVESTIGATE",IF(ABS(D49-E49)<=F49,"OK","INVESTIGATE")) -> OK | H49: =COUNTIFS(c_promchk,0)
A50: K46 | B50: Consistency | C50: on_time_flag disagrees with the on-time rule (rows) | D50: =COUNTIFS(c_flagchk,0) -> 0 | E50: 0 | F50: 0 | G50: =IF(ISERROR(D50),"INVESTIGATE",IF(ABS(D50-E50)<=F50,"OK","INVESTIGATE")) -> OK | H50: =COUNTIFS(c_flagchk,0)
A51: K47 | B51: Consistency | C51: Stores sheet summaries that differ from Orders (stores) | D51: =ROWS(Store_Summary!$L$4:$L$23)-SUM(Store_Summary!$L$4:$L$23) -> 0 | E51: 0 | F51: 0 | G51: =IF(ISERROR(D51),"INVESTIGATE",IF(ABS(D51-E51)<=F51,"OK","INVESTIGATE")) -> OK | H51: =ROWS(Store_Summary!$L$4:$L$23)-SUM(Store_Summary!$L$4:$L$23)
A52: K48 | B52: Consistency | C52: Customers.orders_in_dataset ≠ delivered orders (customers) | D52: =ROWS(Customer_Summary!$H$4:$H$253)-SUM(Customer_Summary!$H$4:$H$253) -> 0 | E52: 0 | F52: 0 | G52: =IF(ISERROR(D52),"INVESTIGATE",IF(ABS(D52-E52)<=F52,"OK","INVESTIGATE")) -> OK | H52: =ROWS(Customer_Summary!$H$4:$H$253)-SUM(Customer_Summary!$H$4:$H$253) | I52: orders_in_dataset counts delivered orders only
A53: K49 | B53: Consistency | C53: Customer gap (all orders − orders_in_dataset) − cancelled | D53: =SUM(Customer_Summary!$B$4:$B$253)-SUM(Customer_Summary!$G$4:$G$253)-Metrics!$G$6 -> 0 | E53: 0 | F53: 0 | G53: =IF(ISERROR(D53),"INVESTIGATE",IF(ABS(D53-E53)<=F53,"OK","INVESTIGATE")) -> OK | H53: =SUM(Customer_Summary!$B$4:$B$253)-SUM(Customer_Summary!$G$4:$G$253)-Metrics!$G$6
A54: K50 | B54: Original sheets | C54: Orders: data rows | D54: =COUNTA(Orders!$A:$A)-1 -> 1500 | E54: 1500 | F54: 0 | G54: =IF(ISERROR(D54),"INVESTIGATE",IF(ABS(D54-E54)<=F54,"OK","INVESTIGATE")) -> OK | H54: =COUNTA(Orders!$A:$A)-1
A55: K51 | B55: Original sheets | C55: Orders: header columns | D55: =COUNTA(Orders!$1:$1) -> 25 | E55: 25 | F55: 0 | G55: =IF(ISERROR(D55),"INVESTIGATE",IF(ABS(D55-E55)<=F55,"OK","INVESTIGATE")) -> OK | H55: =COUNTA(Orders!$1:$1)
A56: K52 | B56: Original sheets | C56: Stores: data rows | D56: =COUNTA(Stores!$A:$A)-1 -> 20 | E56: 20 | F56: 0 | G56: =IF(ISERROR(D56),"INVESTIGATE",IF(ABS(D56-E56)<=F56,"OK","INVESTIGATE")) -> OK | H56: =COUNTA(Stores!$A:$A)-1
A57: K53 | B57: Original sheets | C57: Stores: header columns | D57: =COUNTA(Stores!$1:$1) -> 12 | E57: 12 | F57: 0 | G57: =IF(ISERROR(D57),"INVESTIGATE",IF(ABS(D57-E57)<=F57,"OK","INVESTIGATE")) -> OK | H57: =COUNTA(Stores!$1:$1)
A58: K54 | B58: Original sheets | C58: Riders: data rows | D58: =COUNTA(Riders!$A:$A)-1 -> 80 | E58: 80 | F58: 0 | G58: =IF(ISERROR(D58),"INVESTIGATE",IF(ABS(D58-E58)<=F58,"OK","INVESTIGATE")) -> OK | H58: =COUNTA(Riders!$A:$A)-1
A59: K55 | B59: Original sheets | C59: Riders: header columns | D59: =COUNTA(Riders!$1:$1) -> 9 | E59: 9 | F59: 0 | G59: =IF(ISERROR(D59),"INVESTIGATE",IF(ABS(D59-E59)<=F59,"OK","INVESTIGATE")) -> OK | H59: =COUNTA(Riders!$1:$1)
A60: K56 | B60: Original sheets | C60: Demand: data rows | D60: =COUNTA(Demand!$A:$A)-1 -> 4480 | E60: 4480 | F60: 0 | G60: =IF(ISERROR(D60),"INVESTIGATE",IF(ABS(D60-E60)<=F60,"OK","INVESTIGATE")) -> OK | H60: =COUNTA(Demand!$A:$A)-1
A61: K57 | B61: Original sheets | C61: Demand: header columns | D61: =COUNTA(Demand!$1:$1) -> 8 | E61: 8 | F61: 0 | G61: =IF(ISERROR(D61),"INVESTIGATE",IF(ABS(D61-E61)<=F61,"OK","INVESTIGATE")) -> OK | H61: =COUNTA(Demand!$1:$1)
A62: K58 | B62: Original sheets | C62: Customers: data rows | D62: =COUNTA(Customers!$A:$A)-1 -> 250 | E62: 250 | F62: 0 | G62: =IF(ISERROR(D62),"INVESTIGATE",IF(ABS(D62-E62)<=F62,"OK","INVESTIGATE")) -> OK | H62: =COUNTA(Customers!$A:$A)-1
A63: K59 | B63: Original sheets | C63: Customers: header columns | D63: =COUNTA(Customers!$1:$1) -> 10 | E63: 10 | F63: 0 | G63: =IF(ISERROR(D63),"INVESTIGATE",IF(ABS(D63-E63)<=F63,"OK","INVESTIGATE")) -> OK | H63: =COUNTA(Customers!$1:$1)
A64: K60 | B64: Duplicate IDs | C64: Orders: IDs appearing more than once | D64: =SUMPRODUCT(--(COUNTIF(Orders!$A$2:$A$1501,Orders!$A$2:$A$1501)>1)) -> 0 | E64: 0 | F64: 0 | G64: =IF(ISERROR(D64),"INVESTIGATE",IF(ABS(D64-E64)<=F64,"OK","INVESTIGATE")) -> OK | H64: =SUMPRODUCT(--(COUNTIF(Orders!$A$2:$A$1501,Orders!$A$2:$A$1501)>1))
A65: K61 | B65: Duplicate IDs | C65: Stores: IDs appearing more than once | D65: =SUMPRODUCT(--(COUNTIF(Stores!$A$2:$A$21,Stores!$A$2:$A$21)>1)) -> 0 | E65: 0 | F65: 0 | G65: =IF(ISERROR(D65),"INVESTIGATE",IF(ABS(D65-E65)<=F65,"OK","INVESTIGATE")) -> OK | H65: =SUMPRODUCT(--(COUNTIF(Stores!$A$2:$A$21,Stores!$A$2:$A$21)>1))
A66: K62 | B66: Duplicate IDs | C66: Riders: IDs appearing more than once | D66: =SUMPRODUCT(--(COUNTIF(Riders!$A$2:$A$81,Riders!$A$2:$A$81)>1)) -> 0 | E66: 0 | F66: 0 | G66: =IF(ISERROR(D66),"INVESTIGATE",IF(ABS(D66-E66)<=F66,"OK","INVESTIGATE")) -> OK | H66: =SUMPRODUCT(--(COUNTIF(Riders!$A$2:$A$81,Riders!$A$2:$A$81)>1))
A67: K63 | B67: Duplicate IDs | C67: Customers: IDs appearing more than once | D67: =SUMPRODUCT(--(COUNTIF(Customers!$A$2:$A$251,Customers!$A$2:$A$251)>1)) -> 0 | E67: 0 | F67: 0 | G67: =IF(ISERROR(D67),"INVESTIGATE",IF(ABS(D67-E67)<=F67,"OK","INVESTIGATE")) -> OK | H67: =SUMPRODUCT(--(COUNTIF(Customers!$A$2:$A$251,Customers!$A$2:$A$251)>1))
A68: K64 | B68: Duplicate IDs | C68: Demand: store + date + hour keys appearing more than once | D68: =COUNTIFS(d_dupkey,">1") -> 0 | E68: 0 | F68: 0 | G68: =IF(ISERROR(D68),"INVESTIGATE",IF(ABS(D68-E68)<=F68,"OK","INVESTIGATE")) -> OK | H68: =COUNTIFS(d_dupkey,">1")
A69: K65 | B69: Unmatched keys | C69: Orders.store_id not in Stores | D69: =SUMPRODUCT(--(COUNTIF(Stores!$A$2:$A$21,Orders!$C$2:$C$1501)=0)) -> 0 | E69: 0 | F69: 0 | G69: =IF(ISERROR(D69),"INVESTIGATE",IF(ABS(D69-E69)<=F69,"OK","INVESTIGATE")) -> OK | H69: =SUMPRODUCT(--(COUNTIF(Stores!$A$2:$A$21,Orders!$C$2:$C$1501)=0))
A70: K66 | B70: Unmatched keys | C70: Orders.rider_id (non-blank) not in Riders | D70: =SUMPRODUCT((Orders!$D$2:$D$1501<>"")*(COUNTIF(Riders!$A$2:$A$81,Orders!$D$2:$D$1501)=0)) -> 0 | E70: 0 | F70: 0 | G70: =IF(ISERROR(D70),"INVESTIGATE",IF(ABS(D70-E70)<=F70,"OK","INVESTIGATE")) -> OK | H70: =SUMPRODUCT((Orders!$D$2:$D$1501<>"")*(COUNTIF(Riders!$A$2:$A$81,Orders!$D$2:$D$1501)=0))
A71: K67 | B71: Unmatched keys | C71: Orders.customer_id not in Customers | D71: =SUMPRODUCT(--(COUNTIF(Customers!$A$2:$A$251,Orders!$B$2:$B$1501)=0)) -> 0 | E71: 0 | F71: 0 | G71: =IF(ISERROR(D71),"INVESTIGATE",IF(ABS(D71-E71)<=F71,"OK","INVESTIGATE")) -> OK | H71: =SUMPRODUCT(--(COUNTIF(Customers!$A$2:$A$251,Orders!$B$2:$B$1501)=0))
A72: K68 | B72: Unmatched keys | C72: Orders without exactly one Demand row | D72: =COUNTIFS(c_dmatch,"<>1") -> 0 | E72: 0 | F72: 0 | G72: =IF(ISERROR(D72),"INVESTIGATE",IF(ABS(D72-E72)<=F72,"OK","INVESTIGATE")) -> OK | H72: =COUNTIFS(c_dmatch,"<>1")
A73: K69 | B73: Unmatched keys | C73: Riders.home_store_id not in Stores | D73: =SUMPRODUCT(--(COUNTIF(Stores!$A$2:$A$21,Riders!$B$2:$B$81)=0)) -> 0 | E73: 0 | F73: 0 | G73: =IF(ISERROR(D73),"INVESTIGATE",IF(ABS(D73-E73)<=F73,"OK","INVESTIGATE")) -> OK | H73: =SUMPRODUCT(--(COUNTIF(Stores!$A$2:$A$21,Riders!$B$2:$B$81)=0))
A74: K70 | B74: Missing values | C74: Orders.rider_id blank − cancelled orders | D74: =COUNTBLANK(Orders!$D$2:$D$1501)-Metrics!$G$6 -> 0 | E74: 0 | F74: 0 | G74: =IF(ISERROR(D74),"INVESTIGATE",IF(ABS(D74-E74)<=F74,"OK","INVESTIGATE")) -> OK | H74: =COUNTBLANK(Orders!$D$2:$D$1501)-Metrics!$G$6 | I74: No rider ID is recorded. This does not prove that a rider was never assigned.
A75: K71 | B75: Missing values | C75: Orders.actual_delivery_at blank − cancelled orders | D75: =COUNTBLANK(Orders!$G$2:$G$1501)-Metrics!$G$6 -> 0 | E75: 0 | F75: 0 | G75: =IF(ISERROR(D75),"INVESTIGATE",IF(ABS(D75-E75)<=F75,"OK","INVESTIGATE")) -> OK | H75: =COUNTBLANK(Orders!$G$2:$G$1501)-Metrics!$G$6
A76: K72 | B76: Missing values | C76: Orders.delay_min blank − cancelled orders | D76: =COUNTBLANK(Orders!$R$2:$R$1501)-Metrics!$G$6 -> 0 | E76: 0 | F76: 0 | G76: =IF(ISERROR(D76),"INVESTIGATE",IF(ABS(D76-E76)<=F76,"OK","INVESTIGATE")) -> OK | H76: =COUNTBLANK(Orders!$R$2:$R$1501)-Metrics!$G$6
A77: K73 | B77: Missing values | C77: Orders.cancellation_reason blank − delivered orders | D77: =COUNTBLANK(Orders!$T$2:$T$1501)-Metrics!$G$5 -> 0 | E77: 0 | F77: 0 | G77: =IF(ISERROR(D77),"INVESTIGATE",IF(ABS(D77-E77)<=F77,"OK","INVESTIGATE")) -> OK | H77: =COUNTBLANK(Orders!$T$2:$T$1501)-Metrics!$G$5
A78: K74 | B78: Missing values | C78: Orders.rain_condition blank (treated as no rain) | D78: =COUNTBLANK(Orders!$W$2:$W$1501) -> 1063 | E78: 1063 | F78: 0 | G78: =IF(ISERROR(D78),"INVESTIGATE",IF(ABS(D78-E78)<=F78,"OK","INVESTIGATE")) -> OK | H78: =COUNTBLANK(Orders!$W$2:$W$1501) | I78: Agreed rule: blank = no rain
A79: K75 | B79: Missing values | C79: Demand.rain_condition blank (treated as no rain) | D79: =COUNTBLANK(Demand!$G$2:$G$4481) -> 3214 | E79: 3214 | F79: 0 | G79: =IF(ISERROR(D79),"INVESTIGATE",IF(ABS(D79-E79)<=F79,"OK","INVESTIGATE")) -> OK | H79: =COUNTBLANK(Demand!$G$2:$G$4481)
A80: K76 | B80: Missing values | C80: Customers.primary_ticket_reason blank − customers with 0 tickets | D80: =COUNTBLANK(Customers!$H$2:$H$251)-COUNTIFS(Customers!$G$2:$G$251,0) -> 0 | E80: 0 | F80: 0 | G80: =IF(ISERROR(D80),"INVESTIGATE",IF(ABS(D80-E80)<=F80,"OK","INVESTIGATE")) -> OK | H80: =COUNTBLANK(Customers!$H$2:$H$251)-COUNTIFS(Customers!$G$2:$G$251,0)
A81: K77 | B81: Missing values | C81: Blank key cells in Orders (order, store, customer IDs) | D81: =COUNTBLANK(Orders!$A$2:$C$1501) -> 0 | E81: 0 | F81: 0 | G81: =IF(ISERROR(D81),"INVESTIGATE",IF(ABS(D81-E81)<=F81,"OK","INVESTIGATE")) -> OK | H81: =COUNTBLANK(Orders!$A$2:$C$1501)
A82: K78 | B82: Join duplication | C82: Sum of Demand matches per order − orders | D82: =SUM(c_dmatch)-Metrics!$G$4 -> 0 | E82: 0 | F82: 0 | G82: =IF(ISERROR(D82),"INVESTIGATE",IF(ABS(D82-E82)<=F82,"OK","INVESTIGATE")) -> OK | H82: =SUM(c_dmatch)-Metrics!$G$4
A83: K79 | B83: Join duplication | C83: Orders-sheet rows counted in Calc_Demand − orders | D83: =SUM(d_sample)-Metrics!$G$4 -> 0 | E83: 0 | F83: 0 | G83: =IF(ISERROR(D83),"INVESTIGATE",IF(ABS(D83-E83)<=F83,"OK","INVESTIGATE")) -> OK | H83: =SUM(d_sample)-Metrics!$G$4
A84: K80 | B84: Join duplication | C84: Store_Summary delivered total − delivered | D84: =SUM(Store_Summary!$C$4:$C$23)-Metrics!$G$5 -> 0 | E84: 0 | F84: 0 | G84: =IF(ISERROR(D84),"INVESTIGATE",IF(ABS(D84-E84)<=F84,"OK","INVESTIGATE")) -> OK | H84: =SUM(Store_Summary!$C$4:$C$23)-Metrics!$G$5
A85: K81 | B85: Join duplication | C85: Customer_Summary tickets − Customers tickets | D85: =SUM(cu_tickets)-SUM(Customers!$G$2:$G$251) -> 0 | E85: 0 | F85: 0 | G85: =IF(ISERROR(D85),"INVESTIGATE",IF(ABS(D85-E85)<=F85,"OK","INVESTIGATE")) -> OK | H85: =SUM(cu_tickets)-SUM(Customers!$G$2:$G$251) | I85: Tickets kept at customer level
A86: K82 | B86: Join duplication | C86: Customer_Summary refunds − Customers refunds | D86: =SUM(cu_refunds)-SUM(Customers!$I$2:$I$251) -> 0 | E86: 0 | F86: 0 | G86: =IF(ISERROR(D86),"INVESTIGATE",IF(ABS(D86-E86)<=F86,"OK","INVESTIGATE")) -> OK | H86: =SUM(cu_refunds)-SUM(Customers!$I$2:$I$251)
A87: K83 | B87: Formula errors | C87: Calc_Orders: cells with an error | D87: =SUMPRODUCT(--ISERROR(Calc_Orders!A5:BI1504)) -> 0 | E87: 0 | F87: 0 | G87: =IF(ISERROR(D87),"INVESTIGATE",IF(ABS(D87-E87)<=F87,"OK","INVESTIGATE")) -> OK | H87: =SUMPRODUCT(--ISERROR(Calc_Orders!A5:BI1504))
A88: K84 | B88: Formula errors | C88: Calc_Demand: cells with an error | D88: =SUMPRODUCT(--ISERROR(Calc_Demand!A4:H4483)) -> 0 | E88: 0 | F88: 0 | G88: =IF(ISERROR(D88),"INVESTIGATE",IF(ABS(D88-E88)<=F88,"OK","INVESTIGATE")) -> OK | H88: =SUMPRODUCT(--ISERROR(Calc_Demand!A4:H4483))
A89: K85 | B89: Formula errors | C89: Store_Summary: cells with an error | D89: =SUMPRODUCT(--ISERROR(Store_Summary!A4:M23)) -> 0 | E89: 0 | F89: 0 | G89: =IF(ISERROR(D89),"INVESTIGATE",IF(ABS(D89-E89)<=F89,"OK","INVESTIGATE")) -> OK | H89: =SUMPRODUCT(--ISERROR(Store_Summary!A4:M23))
A90: K86 | B90: Formula errors | C90: Customer_Summary: cells with an error | D90: =SUMPRODUCT(--ISERROR(Customer_Summary!A4:M253)) -> 0 | E90: 0 | F90: 0 | G90: =IF(ISERROR(D90),"INVESTIGATE",IF(ABS(D90-E90)<=F90,"OK","INVESTIGATE")) -> OK | H90: =SUMPRODUCT(--ISERROR(Customer_Summary!A4:M253))
A91: K87 | B91: Formula errors | C91: Metrics: cells with an error | D91: =SUMPRODUCT(--ISERROR(Metrics!G4:G69)) -> 0 | E91: 0 | F91: 0 | G91: =IF(ISERROR(D91),"INVESTIGATE",IF(ABS(D91-E91)<=F91,"OK","INVESTIGATE")) -> OK | H91: =SUMPRODUCT(--ISERROR(Metrics!G4:G69))
A92: K88 | B92: Formula errors | C92: Breakdowns: cells with an error | D92: =SUMPRODUCT(--ISERROR(Breakdowns!C5:F44)) -> 0 | E92: 0 | F92: 0 | G92: =IF(ISERROR(D92),"INVESTIGATE",IF(ABS(D92-E92)<=F92,"OK","INVESTIGATE")) -> OK | H92: =SUMPRODUCT(--ISERROR(Breakdowns!C5:F44))
A93: K89 | B93: Formula errors | C93: Tests_Proportions: cells with an error | D93: =SUMPRODUCT(--ISERROR(Tests_Proportions!D5:N13)) -> 0 | E93: 0 | F93: 0 | G93: =IF(ISERROR(D93),"INVESTIGATE",IF(ABS(D93-E93)<=F93,"OK","INVESTIGATE")) -> OK | H93: =SUMPRODUCT(--ISERROR(Tests_Proportions!D5:N13))
A94: K90 | B94: Formula errors | C94: Tests_Means: cells with an error | D94: =SUMPRODUCT(--ISERROR(Tests_Means!D5:N8)) -> 0 | E94: 0 | F94: 0 | G94: =IF(ISERROR(D94),"INVESTIGATE",IF(ABS(D94-E94)<=F94,"OK","INVESTIGATE")) -> OK | H94: =SUMPRODUCT(--ISERROR(Tests_Means!D5:N8))
A95: K91 | B95: Formula errors | C95: Tests_Correlations: cells with an error | D95: =SUMPRODUCT(--ISERROR(Tests_Correlations!F5:K14)) -> 0 | E95: 0 | F95: 0 | G95: =IF(ISERROR(D95),"INVESTIGATE",IF(ABS(D95-E95)<=F95,"OK","INVESTIGATE")) -> OK | H95: =SUMPRODUCT(--ISERROR(Tests_Correlations!F5:K14))
A96: K92 | B96: Formula errors | C96: Hypotheses: cells with an error | D96: =SUMPRODUCT(--ISERROR(Hypotheses!D5:D10)) -> 0 | E96: 0 | F96: 0 | G96: =IF(ISERROR(D96),"INVESTIGATE",IF(ABS(D96-E96)<=F96,"OK","INVESTIGATE")) -> OK | H96: =SUMPRODUCT(--ISERROR(Hypotheses!D5:D10))

Sheet Calc_Orders
A1: Calc_Orders: one helper row per order
A2: Each row links to the same row of the Orders sheet. Blank = not applicable or missing (never zero). Row 4 explains each column.
A3: order_id | B3: store_id | C3: customer_id | D3: order_status | E3: Delivered (1/0) | F3: Minutes late (delivered only) | G3: Late (1/0) | H3: Severely late >5 min (1/0) | I3: Cancellation class | J3: Eligible (1/0) | K3: Issue-tree group | L3: Peak 7–10 PM (1/0) | M3: Peak agrees with is_peak_hour (1/0) | N3: Rain (blank = None) | O3: Order date | P3: Order hour | Q3: Demand rows matched | R3: Orders placed in that store-hour (Demand) | S3: Store typical orders per hour | T3: Load ratio | U3: Load ratio (delivered) | V3: Load ratio (delivered, off-peak) | W3: Load quartile, all hours | X3: Load quartile, off-peak | Y3: Store avg picking (min) | Z3: Slower-picking store (1/0) | AA3: Store age (days) | AB3: New store <180 days (1/0) | AC3: Rider vehicle | AD3: Rider experience (months) | AE3: Rider home store = order store (1/0) | AF3: Distance km (delivered) | AG3: Promise min (delivered) | AH3: Actual min (delivered) | AI3: Picking est. (min) | AJ3: Rider wait est. (min) | AK3: Travel est. (min) | AL3: Stages sum to total within 0.1 min (1/0) | AM3: Picking share of time | AN3: Wait share of time | AO3: Travel share of time | AP3: Traffic index (delivered) | AQ3: Event day (1/0) | AR3: Wait est., peak | AS3: Wait est., off-peak | AT3: Picking est., peak | AU3: Picking est., off-peak | AV3: Promise, peak | AW3: Promise, off-peak | AX3: Actual, peak | AY3: Actual, off-peak | AZ3: Minutes late (late orders only) | BA3: Minutes late, late peak orders | BB3: Minutes late, late off-peak orders | BC3: Later than 3 min (1/0) | BD3: Later than 7 min (1/0) | BE3: Distance band (H1) | BF3: delay_min = (actual − promised) × 1440 (1/0) | BG3: promised_eta = (promised − placed) × 1440 (1/0) | BH3: on_time_flag agrees (1/0) | BI3: Store city
A4: Copied from Orders | B4: Copied from Orders | C4: Copied from Orders | D4: Copied from Orders | E4: 1 if order_status = Delivered | F4: delay_min; blank for cancelled orders (missing, not zero) | G4: Delivered after the original deadline; blank if cancelled | H4: More than 5 minutes late (analytical cut-off) | I4: Agreed rule: rider/item unavailable = company-caused; payment issue and Customer cancelled = unresolved | J4: Delivered or company-caused cancellation | K4: Final box in the issue tree | L4: Placed from 19:00 up to, not including, 22:00 | M4: Check against the data flag | N4: Agreed rule: blank rain_condition means no rain | O4: Date part of placed_at, for matching Demand | P4: order_hour | Q4: Should be exactly 1 (store + date + hour) | R4: From Demand; blank if no single match | S4: From Stores | T4: Demand orders that hour ÷ typical orders per hour | U4: Used for all-hours quartiles | V4: Used for off-peak quartiles | W4: Quartile of delivered orders by load (cut-offs on Breakdowns) | X4: Quartile within off-peak delivered orders | Y4: From Stores | Z4: Store picking above the 20-store median | AA4: From Stores | AB4: Store open under 180 days | AC4: From Riders; blank when no rider recorded | AD4: From Riders | AE4: Shows home store is not where riders worked | AF4: distance_km for delivered orders | AG4: promised_eta_min | AH4: actual_delivery_duration_min | AI4: Estimate, not a timestamp | AJ4: Estimate, not a timestamp | AK4: Estimate, not a timestamp | AL4: Consistency of the estimates; rounded to 6 decimals so tiny binary decimal differences do not count | AM4: Picking est. ÷ actual minutes | AN4: Wait est. ÷ actual minutes | AO4: Travel est. ÷ actual minutes | AP4: traffic_congestion_index, 0–1 | AQ4: event_day | AR4: For mean comparison | AS4: For mean comparison | AT4: For mean comparison | AU4: For mean comparison | AV4: For mean comparison | AW4: For mean comparison | AX4: For mean comparison | AY4: For mean comparison | AZ4: Used for average and median minutes late | BA4: Average delay of late orders at peak | BB4: Average delay of late orders off-peak | BC4: Sensitivity check | BD4: Sensitivity check | BE4: Bands used in the H1 robustness check | BF4: Excel times are days, so × 1,440 gives minutes | BG4: Timestamp check | BH4: on_time_flag vs our on-time rule | BI4: From Stores
A5: =Orders!A2 -> O00001 | B5: =Orders!C2 -> S010 | C5: =Orders!B2 -> C0113 | D5: =Orders!H2 -> Delivered | E5: =IF(Orders!H2="Delivered",1,0) -> 1 | F5: =IF(E5=1,Orders!R2,"") -> 9 | G5: =IF(E5=1,IF(Orders!R2>0,1,0),"") -> 1 | H5: =IF(E5=1,IF(Orders!R2>5,1,0),"") -> 1 | I5: =IF(E5=1,"",IF(OR(Orders!T2="Rider unavailable",Orders!T2="Item unavailable"),"Company-caused","Unresolved")) | J5: =IF(OR(E5=1,I5="Company-caused"),1,0) -> 1 | K5: =IF(E5=0,IF(I5="Company-caused",IF(Orders!T2="Rider unavailable","C1 Rider unavailable","C2 Item unavailable"),"Outside root: unresolved"),IF(G5=0,"A On time",IF(H5=1,IF(L5=1,"B2a Severe, peak","B2b Severe, off-peak"),IF(L5=1,"B1a Slight, peak","B1b Slight, off-peak")))) -> B2b Severe, off-peak | L5: =IF(AND(Orders!U2>=19,Orders!U2<22),1,0) -> 0 | M5: =IF(L5=IF(Orders!V2,1,0),1,0) -> 1 | N5: =IF(Orders!W2="","None",Orders!W2) -> Heavy | O5: =INT(Orders!E2) -> 46279 | P5: =Orders!U2 -> 11 | Q5: =COUNTIFS(Demand!$A$2:$A$4481,B5,Demand!$B$2:$B$4481,O5,Demand!$C$2:$C$4481,P5) -> 1 | R5: =IF(Q5=1,SUMIFS(Demand!$E$2:$E$4481,Demand!$A$2:$A$4481,B5,Demand!$B$2:$B$4481,O5,Demand!$C$2:$C$4481,P5),"") -> 19 | S5: =INDEX(Stores!$G$2:$G$21,MATCH(B5,Stores!$A$2:$A$21,0)) -> 22 | T5: =IF(R5="","",R5/S5) -> 0.86363636 | U5: =IF(E5=1,T5,"") -> 0.86363636 | V5: =IF(AND(E5=1,L5=0),T5,"") -> 0.86363636 | W5: =IF(U5="","",IF(U5<=Breakdowns!$C$5,1,IF(U5<=Breakdowns!$C$6,2,IF(U5<=Breakdowns!$C$7,3,4)))) -> 2 | X5: =IF(V5="","",IF(V5<=Breakdowns!$D$5,1,IF(V5<=Breakdowns!$D$6,2,IF(V5<=Breakdowns!$D$7,3,4)))) -> 2 | Y5: =INDEX(Stores!$F$2:$F$21,MATCH(B5,Stores!$A$2:$A$21,0)) -> 5.61 | Z5: =IF(Y5>Store_Summary!$M$2,1,0) -> 1 | AA5: =INDEX(Stores!$C$2:$C$21,MATCH(B5,Stores!$A$2:$A$21,0)) -> 744 | AB5: =IF(AA5<180,1,0) -> 0 | AC5: =IF(Orders!D2="","",INDEX(Riders!$C$2:$C$81,MATCH(Orders!D2,Riders!$A$2:$A$81,0))) -> EV scooter | AD5: =IF(Orders!D2="","",INDEX(Riders!$D$2:$D$81,MATCH(Orders!D2,Riders!$A$2:$A$81,0))) -> 40 | AE5: =IF(Orders!D2="","",IF(INDEX(Riders!$B$2:$B$81,MATCH(Orders!D2,Riders!$A$2:$A$81,0))=B5,1,0)) -> 0 | AF5: =IF(E5=1,Orders!L2,"") -> 0.8 | AG5: =IF(E5=1,Orders!P2,"") -> 10.7 | AH5: =IF(E5=1,Orders!Q2,"") -> 19.7 | AI5: =IF(E5=1,Orders!M2,"") -> 7.1 | AJ5: =IF(E5=1,Orders!N2,"") -> 7.6 | AK5: =IF(E5=1,Orders!O2,"") -> 5 | AL5: =IF(E5=1,IF(ROUND(ABS(AI5+AJ5+AK5-AH5),6)<=0.1,1,0),"") -> 1 | AM5: =IF(E5=1,AI5/AH5,"") -> 0.36040609 | AN5: =IF(E5=1,AJ5/AH5,"") -> 0.3857868 | AO5: =IF(E5=1,AK5/AH5,"") -> 0.25380711 | AP5: =IF(E5=1,Orders!Y2,"") -> 0.36 | AQ5: =IF(Orders!X2,1,0) -> 0 | AR5: =IF(AND(E5=1,L5=1),AJ5,"") | AS5: =IF(AND(E5=1,L5=0),AJ5,"") -> 7.6 | AT5: =IF(AND(E5=1,L5=1),AI5,"") | AU5: =IF(AND(E5=1,L5=0),AI5,"") -> 7.1 | AV5: =IF(AND(E5=1,L5=1),AG5,"") | AW5: =IF(AND(E5=1,L5=0),AG5,"") -> 10.7 | AX5: =IF(AND(E5=1,L5=1),AH5,"") | AY5: =IF(AND(E5=1,L5=0),AH5,"") -> 19.7 | AZ5: =IF(G5=1,F5,"") -> 9 | BA5: =IF(AND(G5=1,L5=1),F5,"") | BB5: =IF(AND(G5=1,L5=0),F5,"") -> 9 | BC5: =IF(E5=1,IF(Orders!R2>3,1,0),"") -> 1 | BD5: =IF(E5=1,IF(Orders!R2>7,1,0),"") -> 1 | BE5: =IF(E5=1,IF(Orders!L2<=1.5,"Up to 1.5 km",IF(Orders!L2<=3,"1.5–3 km","Over 3 km")),"") -> Up to 1.5 km | BF5: =IF(E5=1,IF(ABS((Orders!G2-Orders!F2)*1440-Orders!R2)<0.06,1,0),"") -> 1 | BG5: =IF(ABS((Orders!F2-Orders!E2)*1440-Orders!P2)<0.06,1,0) -> 1 | BH5: =IF(E5=1,IF(IF(Orders!S2,1,0)=1-G5,1,0),"") -> 1 | BI5: =INDEX(Stores!$B$2:$B$21,MATCH(B5,Stores!$A$2:$A$21,0)) -> Delhi
A6: =Orders!A3 -> O00002 | B6: =Orders!C3 -> S008 | C6: =Orders!B3 -> C0091 | D6: =Orders!H3 -> Delivered | E6: =IF(Orders!H3="Delivered",1,0) -> 1 | F6: =IF(E6=1,Orders!R3,"") -> -1 | G6: =IF(E6=1,IF(Orders!R3>0,1,0),"") -> 0 | H6: =IF(E6=1,IF(Orders!R3>5,1,0),"") -> 0 | I6: =IF(E6=1,"",IF(OR(Orders!T3="Rider unavailable",Orders!T3="Item unavailable"),"Company-caused","Unresolved")) | J6: =IF(OR(E6=1,I6="Company-caused"),1,0) -> 1 | K6: =IF(E6=0,IF(I6="Company-caused",IF(Orders!T3="Rider unavailable","C1 Rider unavailable","C2 Item unavailable"),"Outside root: unresolved"),IF(G6=0,"A On time",IF(H6=1,IF(L6=1,"B2a Severe, peak","B2b Severe, off-peak"),IF(L6=1,"B1a Slight, peak","B1b Slight, off-peak")))) -> A On time | L6: =IF(AND(Orders!U3>=19,Orders!U3<22),1,0) -> 0 | M6: =IF(L6=IF(Orders!V3,1,0),1,0) -> 1 | N6: =IF(Orders!W3="","None",Orders!W3) -> None | O6: =INT(Orders!E3) -> 46274 | P6: =Orders!U3 -> 18 | Q6: =COUNTIFS(Demand!$A$2:$A$4481,B6,Demand!$B$2:$B$4481,O6,Demand!$C$2:$C$4481,P6) -> 1 | R6: =IF(Q6=1,SUMIFS(Demand!$E$2:$E$4481,Demand!$A$2:$A$4481,B6,Demand!$B$2:$B$4481,O6,Demand!$C$2:$C$4481,P6),"") -> 18 | S6: =INDEX(Stores!$G$2:$G$21,MATCH(B6,Stores!$A$2:$A$21,0)) -> 23 | T6: =IF(R6="","",R6/S6) -> 0.7826087 | U6: =IF(E6=1,T6,"") -> 0.7826087 | V6: =IF(AND(E6=1,L6=0),T6,"") -> 0.7826087 | W6: =IF(U6="","",IF(U6<=Breakdowns!$C$5,1,IF(U6<=Breakdowns!$C$6,2,IF(U6<=Breakdowns!$C$7,3,4)))) -> 1 | X6: =IF(V6="","",IF(V6<=Breakdowns!$D$5,1,IF(V6<=Breakdowns!$D$6,2,IF(V6<=Breakdowns!$D$7,3,4)))) -> 2 | Y6: =INDEX(Stores!$F$2:$F$21,MATCH(B6,Stores!$A$2:$A$21,0)) -> 3.46 | Z6: =IF(Y6>Store_Summary!$M$2,1,0) -> 0 | AA6: =INDEX(Stores!$C$2:$C$21,MATCH(B6,Stores!$A$2:$A$21,0)) -> 825 | AB6: =IF(AA6<180,1,0) -> 0 | AC6: =IF(Orders!D3="","",INDEX(Riders!$C$2:$C$81,MATCH(Orders!D3,Riders!$A$2:$A$81,0))) -> EV scooter | AD6: =IF(Orders!D3="","",INDEX(Riders!$D$2:$D$81,MATCH(Orders!D3,Riders!$A$2:$A$81,0))) -> 26 | AE6: =IF(Orders!D3="","",IF(INDEX(Riders!$B$2:$B$81,MATCH(Orders!D3,Riders!$A$2:$A$81,0))=B6,1,0)) -> 0 | AF6: =IF(E6=1,Orders!L3,"") -> 2.77 | AG6: =IF(E6=1,Orders!P3,"") -> 11.5 | AH6: =IF(E6=1,Orders!Q3,"") -> 10.5 | AI6: =IF(E6=1,Orders!M3,"") -> 2.3 | AJ6: =IF(E6=1,Orders!N3,"") -> 4 | AK6: =IF(E6=1,Orders!O3,"") -> 4.2 | AL6: =IF(E6=1,IF(ROUND(ABS(AI6+AJ6+AK6-AH6),6)<=0.1,1,0),"") -> 1 | AM6: =IF(E6=1,AI6/AH6,"") -> 0.21904762 | AN6: =IF(E6=1,AJ6/AH6,"") -> 0.38095238 | AO6: =IF(E6=1,AK6/AH6,"") -> 0.4 | AP6: =IF(E6=1,Orders!Y3,"") -> 0.63 | AQ6: =IF(Orders!X3,1,0) -> 0 | AR6: =IF(AND(E6=1,L6=1),AJ6,"") | AS6: =IF(AND(E6=1,L6=0),AJ6,"") -> 4 | AT6: =IF(AND(E6=1,L6=1),AI6,"") | AU6: =IF(AND(E6=1,L6=0),AI6,"") -> 2.3 | AV6: =IF(AND(E6=1,L6=1),AG6,"") | AW6: =IF(AND(E6=1,L6=0),AG6,"") -> 11.5 | AX6: =IF(AND(E6=1,L6=1),AH6,"") | AY6: =IF(AND(E6=1,L6=0),AH6,"") -> 10.5 | AZ6: =IF(G6=1,F6,"") | BA6: =IF(AND(G6=1,L6=1),F6,"") | BB6: =IF(AND(G6=1,L6=0),F6,"") | BC6: =IF(E6=1,IF(Orders!R3>3,1,0),"") -> 0 | BD6: =IF(E6=1,IF(Orders!R3>7,1,0),"") -> 0 | BE6: =IF(E6=1,IF(Orders!L3<=1.5,"Up to 1.5 km",IF(Orders!L3<=3,"1.5–3 km","Over 3 km")),"") -> 1.5–3 km | BF6: =IF(E6=1,IF(ABS((Orders!G3-Orders!F3)*1440-Orders!R3)<0.06,1,0),"") -> 1 | BG6: =IF(ABS((Orders!F3-Orders!E3)*1440-Orders!P3)<0.06,1,0) -> 1 | BH6: =IF(E6=1,IF(IF(Orders!S3,1,0)=1-G6,1,0),"") -> 1 | BI6: =INDEX(Stores!$B$2:$B$21,MATCH(B6,Stores!$A$2:$A$21,0)) -> Mumbai
A7: =Orders!A4 -> O00003 | B7: =Orders!C4 -> S003 | C7: =Orders!B4 -> C0085 | D7: =Orders!H4 -> Delivered | E7: =IF(Orders!H4="Delivered",1,0) -> 1 | F7: =IF(E7=1,Orders!R4,"") -> -0.9 | G7: =IF(E7=1,IF(Orders!R4>0,1,0),"") -> 0 | H7: =IF(E7=1,IF(Orders!R4>5,1,0),"") -> 0 | I7: =IF(E7=1,"",IF(OR(Orders!T4="Rider unavailable",Orders!T4="Item unavailable"),"Company-caused","Unresolved")) | J7: =IF(OR(E7=1,I7="Company-caused"),1,0) -> 1 | K7: =IF(E7=0,IF(I7="Company-caused",IF(Orders!T4="Rider unavailable","C1 Rider unavailable","C2 Item unavailable"),"Outside root: unresolved"),IF(G7=0,"A On time",IF(H7=1,IF(L7=1,"B2a Severe, peak","B2b Severe, off-peak"),IF(L7=1,"B1a Slight, peak","B1b Slight, off-peak")))) -> A On time | L7: =IF(AND(Orders!U4>=19,Orders!U4<22),1,0) -> 0 | M7: =IF(L7=IF(Orders!V4,1,0),1,0) -> 1 | N7: =IF(Orders!W4="","None",Orders!W4) -> None | O7: =INT(Orders!E4) -> 46272 | P7: =Orders!U4 -> 17 | Q7: =COUNTIFS(Demand!$A$2:$A$4481,B7,Demand!$B$2:$B$4481,O7,Demand!$C$2:$C$4481,P7) -> 1 | R7: =IF(Q7=1,SUMIFS(Demand!$E$2:$E$4481,Demand!$A$2:$A$4481,B7,Demand!$B$2:$B$4481,O7,Demand!$C$2:$C$4481,P7),"") -> 42 | S7: =INDEX(Stores!$G$2:$G$21,MATCH(B7,Stores!$A$2:$A$21,0)) -> 41 | T7: =IF(R7="","",R7/S7) -> 1.0243902 | U7: =IF(E7=1,T7,"") -> 1.0243902 | V7: =IF(AND(E7=1,L7=0),T7,"") -> 1.0243902 | W7: =IF(U7="","",IF(U7<=Breakdowns!$C$5,1,IF(U7<=Breakdowns!$C$6,2,IF(U7<=Breakdowns!$C$7,3,4)))) -> 3 | X7: =IF(V7="","",IF(V7<=Breakdowns!$D$5,1,IF(V7<=Breakdowns!$D$6,2,IF(V7<=Breakdowns!$D$7,3,4)))) -> 3 | Y7: =INDEX(Stores!$F$2:$F$21,MATCH(B7,Stores!$A$2:$A$21,0)) -> 3.84 | Z7: =IF(Y7>Store_Summary!$M$2,1,0) -> 0 | AA7: =INDEX(Stores!$C$2:$C$21,MATCH(B7,Stores!$A$2:$A$21,0)) -> 426 | AB7: =IF(AA7<180,1,0) -> 0 | AC7: =IF(Orders!D4="","",INDEX(Riders!$C$2:$C$81,MATCH(Orders!D4,Riders!$A$2:$A$81,0))) -> EV scooter | AD7: =IF(Orders!D4="","",INDEX(Riders!$D$2:$D$81,MATCH(Orders!D4,Riders!$A$2:$A$81,0))) -> 4 | AE7: =IF(Orders!D4="","",IF(INDEX(Riders!$B$2:$B$81,MATCH(Orders!D4,Riders!$A$2:$A$81,0))=B7,1,0)) -> 0 | AF7: =IF(E7=1,Orders!L4,"") -> 2.1 | AG7: =IF(E7=1,Orders!P4,"") -> 10.2 | AH7: =IF(E7=1,Orders!Q4,"") -> 9.3 | AI7: =IF(E7=1,Orders!M4,"") -> 2.9 | AJ7: =IF(E7=1,Orders!N4,"") -> 2.4 | AK7: =IF(E7=1,Orders!O4,"") -> 4 | AL7: =IF(E7=1,IF(ROUND(ABS(AI7+AJ7+AK7-AH7),6)<=0.1,1,0),"") -> 1 | AM7: =IF(E7=1,AI7/AH7,"") -> 0.31182796 | AN7: =IF(E7=1,AJ7/AH7,"") -> 0.25806452 | AO7: =IF(E7=1,AK7/AH7,"") -> 0.43010753 | AP7: =IF(E7=1,Orders!Y4,"") -> 0.54 | AQ7: =IF(Orders!X4,1,0) -> 1 | AR7: =IF(AND(E7=1,L7=1),AJ7,"") | AS7: =IF(AND(E7=1,L7=0),AJ7,"") -> 2.4 | AT7: =IF(AND(E7=1,L7=1),AI7,"") | AU7: =IF(AND(E7=1,L7=0),AI7,"") -> 2.9 | AV7: =IF(AND(E7=1,L7=1),AG7,"") | AW7: =IF(AND(E7=1,L7=0),AG7,"") -> 10.2 | AX7: =IF(AND(E7=1,L7=1),AH7,"") | AY7: =IF(AND(E7=1,L7=0),AH7,"") -> 9.3 | AZ7: =IF(G7=1,F7,"") | BA7: =IF(AND(G7=1,L7=1),F7,"") | BB7: =IF(AND(G7=1,L7=0),F7,"") | BC7: =IF(E7=1,IF(Orders!R4>3,1,0),"") -> 0 | BD7: =IF(E7=1,IF(Orders!R4>7,1,0),"") -> 0 | BE7: =IF(E7=1,IF(Orders!L4<=1.5,"Up to 1.5 km",IF(Orders!L4<=3,"1.5–3 km","Over 3 km")),"") -> 1.5–3 km | BF7: =IF(E7=1,IF(ABS((Orders!G4-Orders!F4)*1440-Orders!R4)<0.06,1,0),"") -> 1 | BG7: =IF(ABS((Orders!F4-Orders!E4)*1440-Orders!P4)<0.06,1,0) -> 1 | BH7: =IF(E7=1,IF(IF(Orders!S4,1,0)=1-G7,1,0),"") -> 1 | BI7: =INDEX(Stores!$B$2:$B$21,MATCH(B7,Stores!$A$2:$A$21,0)) -> Mumbai
A8: =Orders!A5 -> O00004 | B8: =Orders!C5 -> S017 | C8: =Orders!B5 -> C0159 | D8: =Orders!H5 -> Delivered | E8: =IF(Orders!H5="Delivered",1,0) -> 1 | F8: =IF(E8=1,Orders!R5,"") -> 2 | G8: =IF(E8=1,IF(Orders!R5>0,1,0),"") -> 1 | H8: =IF(E8=1,IF(Orders!R5>5,1,0),"") -> 0 | I8: =IF(E8=1,"",IF(OR(Orders!T5="Rider unavailable",Orders!T5="Item unavailable"),"Company-caused","Unresolved")) | J8: =IF(OR(E8=1,I8="Company-caused"),1,0) -> 1 | K8: =IF(E8=0,IF(I8="Company-caused",IF(Orders!T5="Rider unavailable","C1 Rider unavailable","C2 Item unavailable"),"Outside root: unresolved"),IF(G8=0,"A On time",IF(H8=1,IF(L8=1,"B2a Severe, peak","B2b Severe, off-peak"),IF(L8=1,"B1a Slight, peak","B1b Slight, off-peak")))) -> B1b Slight, off-peak | L8: =IF(AND(Orders!U5>=19,Orders!U5<22),1,0) -> 0 | M8: =IF(L8=IF(Orders!V5,1,0),1,0) -> 1 | N8: =IF(Orders!W5="","None",Orders!W5) -> None | O8: =INT(Orders!E5) -> 46276 | P8: =Orders!U5 -> 18 | Q8: =COUNTIFS(Demand!$A$2:$A$4481,B8,Demand!$B$2:$B$4481,O8,Demand!$C$2:$C$4481,P8) -> 1 | R8: =IF(Q8=1,SUMIFS(Demand!$E$2:$E$4481,Demand!$A$2:$A$4481,B8,Demand!$B$2:$B$4481,O8,Demand!$C$2:$C$4481,P8),"") -> 29 | S8: =INDEX(Stores!$G$2:$G$21,MATCH(B8,Stores!$A$2:$A$21,0)) -> 36 | T8: =IF(R8="","",R8/S8) -> 0.80555556 | U8: =IF(E8=1,T8,"") -> 0.80555556 | V8: =IF(AND(E8=1,L8=0),T8,"") -> 0.80555556 | W8: =IF(U8="","",IF(U8<=Breakdowns!$C$5,1,IF(U8<=Breakdowns!$C$6,2,IF(U8<=Breakdowns!$C$7,3,4)))) -> 2 | X8: =IF(V8="","",IF(V8<=Breakdowns!$D$5,1,IF(V8<=Breakdowns!$D$6,2,IF(V8<=Breakdowns!$D$7,3,4)))) -> 2 | Y8: =INDEX(Stores!$F$2:$F$21,MATCH(B8,Stores!$A$2:$A$21,0)) -> 2.16 | Z8: =IF(Y8>Store_Summary!$M$2,1,0) -> 0 | AA8: =INDEX(Stores!$C$2:$C$21,MATCH(B8,Stores!$A$2:$A$21,0)) -> 47 | AB8: =IF(AA8<180,1,0) -> 1 | AC8: =IF(Orders!D5="","",INDEX(Riders!$C$2:$C$81,MATCH(Orders!D5,Riders!$A$2:$A$81,0))) -> Petrol scooter | AD8: =IF(Orders!D5="","",INDEX(Riders!$D$2:$D$81,MATCH(Orders!D5,Riders!$A$2:$A$81,0))) -> 42 | AE8: =IF(Orders!D5="","",IF(INDEX(Riders!$B$2:$B$81,MATCH(Orders!D5,Riders!$A$2:$A$81,0))=B8,1,0)) -> 0 | AF8: =IF(E8=1,Orders!L5,"") -> 2.63 | AG8: =IF(E8=1,Orders!P5,"") -> 12.2 | AH8: =IF(E8=1,Orders!Q5,"") -> 14.2 | AI8: =IF(E8=1,Orders!M5,"") -> 3.2 | AJ8: =IF(E8=1,Orders!N5,"") -> 5.3 | AK8: =IF(E8=1,Orders!O5,"") -> 5.6 | AL8: =IF(E8=1,IF(ROUND(ABS(AI8+AJ8+AK8-AH8),6)<=0.1,1,0),"") -> 1 | AM8: =IF(E8=1,AI8/AH8,"") -> 0.22535211 | AN8: =IF(E8=1,AJ8/AH8,"") -> 0.37323944 | AO8: =IF(E8=1,AK8/AH8,"") -> 0.3943662 | AP8: =IF(E8=1,Orders!Y5,"") -> 0.33 | AQ8: =IF(Orders!X5,1,0) -> 0 | AR8: =IF(AND(E8=1,L8=1),AJ8,"") | AS8: =IF(AND(E8=1,L8=0),AJ8,"") -> 5.3 | AT8: =IF(AND(E8=1,L8=1),AI8,"") | AU8: =IF(AND(E8=1,L8=0),AI8,"") -> 3.2 | AV8: =IF(AND(E8=1,L8=1),AG8,"") | AW8: =IF(AND(E8=1,L8=0),AG8,"") -> 12.2 | AX8: =IF(AND(E8=1,L8=1),AH8,"") | AY8: =IF(AND(E8=1,L8=0),AH8,"") -> 14.2 | AZ8: =IF(G8=1,F8,"") -> 2 | BA8: =IF(AND(G8=1,L8=1),F8,"") | BB8: =IF(AND(G8=1,L8=0),F8,"") -> 2 | BC8: =IF(E8=1,IF(Orders!R5>3,1,0),"") -> 0 | BD8: =IF(E8=1,IF(Orders!R5>7,1,0),"") -> 0 | BE8: =IF(E8=1,IF(Orders!L5<=1.5,"Up to 1.5 km",IF(Orders!L5<=3,"1.5–3 km","Over 3 km")),"") -> 1.5–3 km | BF8: =IF(E8=1,IF(ABS((Orders!G5-Orders!F5)*1440-Orders!R5)<0.06,1,0),"") -> 1 | BG8: =IF(ABS((Orders!F5-Orders!E5)*1440-Orders!P5)<0.06,1,0) -> 1 | BH8: =IF(E8=1,IF(IF(Orders!S5,1,0)=1-G8,1,0),"") -> 1 | BI8: =INDEX(Stores!$B$2:$B$21,MATCH(B8,Stores!$A$2:$A$21,0)) -> Hyderabad
A9: =Orders!A6 -> O00005 | B9: =Orders!C6 -> S012 | C9: =Orders!B6 -> C0138 | D9: =Orders!H6 -> Delivered | E9: =IF(Orders!H6="Delivered",1,0) -> 1 | F9: =IF(E9=1,Orders!R6,"") -> -1.2 | G9: =IF(E9=1,IF(Orders!R6>0,1,0),"") -> 0 | H9: =IF(E9=1,IF(Orders!R6>5,1,0),"") -> 0 | I9: =IF(E9=1,"",IF(OR(Orders!T6="Rider unavailable",Orders!T6="Item unavailable"),"Company-caused","Unresolved")) | J9: =IF(OR(E9=1,I9="Company-caused"),1,0) -> 1 | K9: =IF(E9=0,IF(I9="Company-caused",IF(Orders!T6="Rider unavailable","C1 Rider unavailable","C2 Item unavailable"),"Outside root: unresolved"),IF(G9=0,"A On time",IF(H9=1,IF(L9=1,"B2a Severe, peak","B2b Severe, off-peak"),IF(L9=1,"B1a Slight, peak","B1b Slight, off-peak")))) -> A On time | L9: =IF(AND(Orders!U6>=19,Orders!U6<22),1,0) -> 0 | M9: =IF(L9=IF(Orders!V6,1,0),1,0) -> 1 | N9: =IF(Orders!W6="","None",Orders!W6) -> None | O9: =INT(Orders!E6) -> 46267 | P9: =Orders!U6 -> 15 | Q9: =COUNTIFS(Demand!$A$2:$A$4481,B9,Demand!$B$2:$B$4481,O9,Demand!$C$2:$C$4481,P9) -> 1 | R9: =IF(Q9=1,SUMIFS(Demand!$E$2:$E$4481,Demand!$A$2:$A$4481,B9,Demand!$B$2:$B$4481,O9,Demand!$C$2:$C$4481,P9),"") -> 7 | S9: =INDEX(Stores!$G$2:$G$21,MATCH(B9,Stores!$A$2:$A$21,0)) -> 15 | T9: =IF(R9="","",R9/S9) -> 0.46666667 | U9: =IF(E9=1,T9,"") -> 0.46666667 | V9: =IF(AND(E9=1,L9=0),T9,"") -> 0.46666667 | W9: =IF(U9="","",IF(U9<=Breakdowns!$C$5,1,IF(U9<=Breakdowns!$C$6,2,IF(U9<=Breakdowns!$C$7,3,4)))) -> 1 | X9: =IF(V9="","",IF(V9<=Breakdowns!$D$5,1,IF(V9<=Breakdowns!$D$6,2,IF(V9<=Breakdowns!$D$7,3,4)))) -> 1 | Y9: =INDEX(Stores!$F$2:$F$21,MATCH(B9,Stores!$A$2:$A$21,0)) -> 5.23 | Z9: =IF(Y9>Store_Summary!$M$2,1,0) -> 1 | AA9: =INDEX(Stores!$C$2:$C$21,MATCH(B9,Stores!$A$2:$A$21,0)) -> 300 | AB9: =IF(AA9<180,1,0) -> 0 | AC9: =IF(Orders!D6="","",INDEX(Riders!$C$2:$C$81,MATCH(Orders!D6,Riders!$A$2:$A$81,0))) -> EV scooter | AD9: =IF(Orders!D6="","",INDEX(Riders!$D$2:$D$81,MATCH(Orders!D6,Riders!$A$2:$A$81,0))) -> 40 | AE9: =IF(Orders!D6="","",IF(INDEX(Riders!$B$2:$B$81,MATCH(Orders!D6,Riders!$A$2:$A$81,0))=B9,1,0)) -> 0 | AF9: =IF(E9=1,Orders!L6,"") -> 4.18 | AG9: =IF(E9=1,Orders!P6,"") -> 10.4 | AH9: =IF(E9=1,Orders!Q6,"") -> 9.2 | AI9: =IF(E9=1,Orders!M6,"") -> 2.9 | AJ9: =IF(E9=1,Orders!N6,"") -> 1.6 | AK9: =IF(E9=1,Orders!O6,"") -> 4.7 | AL9: =IF(E9=1,IF(ROUND(ABS(AI9+AJ9+AK9-AH9),6)<=0.1,1,0),"") -> 1 | AM9: =IF(E9=1,AI9/AH9,"") -> 0.31521739 | AN9: =IF(E9=1,AJ9/AH9,"") -> 0.17391304 | AO9: =IF(E9=1,AK9/AH9,"") -> 0.51086957 | AP9: =IF(E9=1,Orders!Y6,"") -> 0.44 | AQ9: =IF(Orders!X6,1,0) -> 0 | AR9: =IF(AND(E9=1,L9=1),AJ9,"") | AS9: =IF(AND(E9=1,L9=0),AJ9,"") -> 1.6 | AT9: =IF(AND(E9=1,L9=1),AI9,"") | AU9: =IF(AND(E9=1,L9=0),AI9,"") -> 2.9 | AV9: =IF(AND(E9=1,L9=1),AG9,"") | AW9: =IF(AND(E9=1,L9=0),AG9,"") -> 10.4 | AX9: =IF(AND(E9=1,L9=1),AH9,"") | AY9: =IF(AND(E9=1,L9=0),AH9,"") -> 9.2 | AZ9: =IF(G9=1,F9,"") | BA9: =IF(AND(G9=1,L9=1),F9,"") | BB9: =IF(AND(G9=1,L9=0),F9,"") | BC9: =IF(E9=1,IF(Orders!R6>3,1,0),"") -> 0 | BD9: =IF(E9=1,IF(Orders!R6>7,1,0),"") -> 0 | BE9: =IF(E9=1,IF(Orders!L6<=1.5,"Up to 1.5 km",IF(Orders!L6<=3,"1.5–3 km","Over 3 km")),"") -> Over 3 km | BF9: =IF(E9=1,IF(ABS((Orders!G6-Orders!F6)*1440-Orders!R6)<0.06,1,0),"") -> 1 | BG9: =IF(ABS((Orders!F6-Orders!E6)*1440-Orders!P6)<0.06,1,0) -> 1 | BH9: =IF(E9=1,IF(IF(Orders!S6,1,0)=1-G9,1,0),"") -> 1 | BI9: =INDEX(Stores!$B$2:$B$21,MATCH(B9,Stores!$A$2:$A$21,0)) -> Hyderabad
A10: =Orders!A7 -> O00006 | B10: =Orders!C7 -> S003 | C10: =Orders!B7 -> C0085 | D10: =Orders!H7 -> Delivered | E10: =IF(Orders!H7="Delivered",1,0) -> 1 | F10: =IF(E10=1,Orders!R7,"") -> -0.3 | G10: =IF(E10=1,IF(Orders!R7>0,1,0),"") -> 0 | H10: =IF(E10=1,IF(Orders!R7>5,1,0),"") -> 0 | I10: =IF(E10=1,"",IF(OR(Orders!T7="Rider unavailable",Orders!T7="Item unavailable"),"Company-caused","Unresolved")) | J10: =IF(OR(E10=1,I10="Company-caused"),1,0) -> 1 | K10: =IF(E10=0,IF(I10="Company-caused",IF(Orders!T7="Rider unavailable","C1 Rider unavailable","C2 Item unavailable"),"Outside root: unresolved"),IF(G10=0,"A On time",IF(H10=1,IF(L10=1,"B2a Severe, peak","B2b Severe, off-peak"),IF(L10=1,"B1a Slight, peak","B1b Slight, off-peak")))) -> A On time | L10: =IF(AND(Orders!U7>=19,Orders!U7<22),1,0) -> 0 | M10: =IF(L10=IF(Orders!V7,1,0),1,0) -> 1 | N10: =IF(Orders!W7="","None",Orders!W7) -> None | O10: =INT(Orders!E7) -> 46276 | P10: =Orders!U7 -> 23 | Q10: =COUNTIFS(Demand!$A$2:$A$4481,B10,Demand!$B$2:$B$4481,O10,Demand!$C$2:$C$4481,P10) -> 1 | R10: =IF(Q10=1,SUMIFS(Demand!$E$2:$E$4481,Demand!$A$2:$A$4481,B10,Demand!$B$2:$B$4481,O10,Demand!$C$2:$C$4481,P10),"") -> 36 | S10: =INDEX(Stores!$G$2:$G$21,MATCH(B10,Stores!$A$2:$A$21,0)) -> 41 | T10: =IF(R10="","",R10/S10) -> 0.87804878 | U10: =IF(E10=1,T10,"") -> 0.87804878 | V10: =IF(AND(E10=1,L10=0),T10,"") -> 0.87804878 | W10: =IF(U10="","",IF(U10<=Breakdowns!$C$5,1,IF(U10<=Breakdowns!$C$6,2,IF(U10<=Breakdowns!$C$7,3,4)))) -> 2 | X10: =IF(V10="","",IF(V10<=Breakdowns!$D$5,1,IF(V10<=Breakdowns!$D$6,2,IF(V10<=Breakdowns!$D$7,3,4)))) -> 2 | Y10: =INDEX(Stores!$F$2:$F$21,MATCH(B10,Stores!$A$2:$A$21,0)) -> 3.84 | Z10: =IF(Y10>Store_Summary!$M$2,1,0) -> 0 | AA10: =INDEX(Stores!$C$2:$C$21,MATCH(B10,Stores!$A$2:$A$21,0)) -> 426 | AB10: =IF(AA10<180,1,0) -> 0 | AC10: =IF(Orders!D7="","",INDEX(Riders!$C$2:$C$81,MATCH(Orders!D7,Riders!$A$2:$A$81,0))) -> Petrol scooter | AD10: =IF(Orders!D7="","",INDEX(Riders!$D$2:$D$81,MATCH(Orders!D7,Riders!$A$2:$A$81,0))) -> 2 | AE10: =IF(Orders!D7="","",IF(INDEX(Riders!$B$2:$B$81,MATCH(Orders!D7,Riders!$A$2:$A$81,0))=B10,1,0)) -> 0 | AF10: =IF(E10=1,Orders!L7,"") -> 1.99 | AG10: =IF(E10=1,Orders!P7,"") -> 10.9 | AH10: =IF(E10=1,Orders!Q7,"") -> 10.6 | AI10: =IF(E10=1,Orders!M7,"") -> 2.7 | AJ10: =IF(E10=1,Orders!N7,"") -> 4 | AK10: =IF(E10=1,Orders!O7,"") -> 3.9 | AL10: =IF(E10=1,IF(ROUND(ABS(AI10+AJ10+AK10-AH10),6)<=0.1,1,0),"") -> 1 | AM10: =IF(E10=1,AI10/AH10,"") -> 0.25471698 | AN10: =IF(E10=1,AJ10/AH10,"") -> 0.37735849 | AO10: =IF(E10=1,AK10/AH10,"") -> 0.36792453 | AP10: =IF(E10=1,Orders!Y7,"") -> 0.59 | AQ10: =IF(Orders!X7,1,0) -> 0 | AR10: =IF(AND(E10=1,L10=1),AJ10,"") | AS10: =IF(AND(E10=1,L10=0),AJ10,"") -> 4 | AT10: =IF(AND(E10=1,L10=1),AI10,"") | AU10: =IF(AND(E10=1,L10=0),AI10,"") -> 2.7 | AV10: =IF(AND(E10=1,L10=1),AG10,"") | AW10: =IF(AND(E10=1,L10=0),AG10,"") -> 10.9 | AX10: =IF(AND(E10=1,L10=1),AH10,"") | AY10: =IF(AND(E10=1,L10=0),AH10,"") -> 10.6 | AZ10: =IF(G10=1,F10,"") | BA10: =IF(AND(G10=1,L10=1),F10,"") | BB10: =IF(AND(G10=1,L10=0),F10,"") | BC10: =IF(E10=1,IF(Orders!R7>3,1,0),"") -> 0 | BD10: =IF(E10=1,IF(Orders!R7>7,1,0),"") -> 0 | BE10: =IF(E10=1,IF(Orders!L7<=1.5,"Up to 1.5 km",IF(Orders!L7<=3,"1.5–3 km","Over 3 km")),"") -> 1.5–3 km | BF10: =IF(E10=1,IF(ABS((Orders!G7-Orders!F7)*1440-Orders!R7)<0.06,1,0),"") -> 1 | BG10: =IF(ABS((Orders!F7-Orders!E7)*1440-Orders!P7)<0.06,1,0) -> 1 | BH10: =IF(E10=1,IF(IF(Orders!S7,1,0)=1-G10,1,0),"") -> 1 | BI10: =INDEX(Stores!$B$2:$B$21,MATCH(B10,Stores!$A$2:$A$21,0)) -> Mumbai
A11: =Orders!A8 -> O00007 | B11: =Orders!C8 -> S011 | C11: =Orders!B8 -> C0072 | D11: =Orders!H8 -> Delivered | E11: =IF(Orders!H8="Delivered",1,0) -> 1 | F11: =IF(E11=1,Orders!R8,"") -> -0.8 | G11: =IF(E11=1,IF(Orders!R8>0,1,0),"") -> 0 | H11: =IF(E11=1,IF(Orders!R8>5,1,0),"") -> 0 | I11: =IF(E11=1,"",IF(OR(Orders!T8="Rider unavailable",Orders!T8="Item unavailable"),"Company-caused","Unresolved")) | J11: =IF(OR(E11=1,I11="Company-caused"),1,0) -> 1 | K11: =IF(E11=0,IF(I11="Company-caused",IF(Orders!T8="Rider unavailable","C1 Rider unavailable","C2 Item unavailable"),"Outside root: unresolved"),IF(G11=0,"A On time",IF(H11=1,IF(L11=1,"B2a Severe, peak","B2b Severe, off-peak"),IF(L11=1,"B1a Slight, peak","B1b Slight, off-peak")))) -> A On time | L11: =IF(AND(Orders!U8>=19,Orders!U8<22),1,0) -> 0 | M11: =IF(L11=IF(Orders!V8,1,0),1,0) -> 1 | N11: =IF(Orders!W8="","None",Orders!W8) -> None | O11: =INT(Orders!E8) -> 46274 | P11: =Orders!U8 -> 9 | Q11: =COUNTIFS(Demand!$A$2:$A$4481,B11,Demand!$B$2:$B$4481,O11,Demand!$C$2:$C$4481,P11) -> 1 | R11: =IF(Q11=1,SUMIFS(Demand!$E$2:$E$4481,Demand!$A$2:$A$4481,B11,Demand!$B$2:$B$4481,O11,Demand!$C$2:$C$4481,P11),"") -> 30 | S11: =INDEX(Stores!$G$2:$G$21,MATCH(B11,Stores!$A$2:$A$21,0)) -> 31 | T11: =IF(R11="","",R11/S11) -> 0.96774194 | U11: =IF(E11=1,T11,"") -> 0.96774194 | V11: =IF(AND(E11=1,L11=0),T11,"") -> 0.96774194 | W11: =IF(U11="","",IF(U11<=Breakdowns!$C$5,1,IF(U11<=Breakdowns!$C$6,2,IF(U11<=Breakdowns!$C$7,3,4)))) -> 2 | X11: =IF(V11="","",IF(V11<=Breakdowns!$D$5,1,IF(V11<=Breakdowns!$D$6,2,IF(V11<=Breakdowns!$D$7,3,4)))) -> 3 | Y11: =INDEX(Stores!$F$2:$F$21,MATCH(B11,Stores!$A$2:$A$21,0)) -> 5.67 | Z11: =IF(Y11>Store_Summary!$M$2,1,0) -> 1 | AA11: =INDEX(Stores!$C$2:$C$21,MATCH(B11,Stores!$A$2:$A$21,0)) -> 732 | AB11: =IF(AA11<180,1,0) -> 0 | AC11: =IF(Orders!D8="","",INDEX(Riders!$C$2:$C$81,MATCH(Orders!D8,Riders!$A$2:$A$81,0))) -> Petrol scooter | AD11: =IF(Orders!D8="","",INDEX(Riders!$D$2:$D$81,MATCH(Orders!D8,Riders!$A$2:$A$81,0))) -> 32 | AE11: =IF(Orders!D8="","",IF(INDEX(Riders!$B$2:$B$81,MATCH(Orders!D8,Riders!$A$2:$A$81,0))=B11,1,0)) -> 0 | AF11: =IF(E11=1,Orders!L8,"") -> 1.61 | AG11: =IF(E11=1,Orders!P8,"") -> 10.7 | AH11: =IF(E11=1,Orders!Q8,"") -> 9.9 | AI11: =IF(E11=1,Orders!M8,"") -> 3.9 | AJ11: =IF(E11=1,Orders!N8,"") -> 3.7 | AK11: =IF(E11=1,Orders!O8,"") -> 2.3 | AL11: =IF(E11=1,IF(ROUND(ABS(AI11+AJ11+AK11-AH11),6)<=0.1,1,0),"") -> 1 | AM11: =IF(E11=1,AI11/AH11,"") -> 0.39393939 | AN11: =IF(E11=1,AJ11/AH11,"") -> 0.37373737 | AO11: =IF(E11=1,AK11/AH11,"") -> 0.23232323 | AP11: =IF(E11=1,Orders!Y8,"") -> 0.38 | AQ11: =IF(Orders!X8,1,0) -> 0 | AR11: =IF(AND(E11=1,L11=1),AJ11,"") | AS11: =IF(AND(E11=1,L11=0),AJ11,"") -> 3.7 | AT11: =IF(AND(E11=1,L11=1),AI11,"") | AU11: =IF(AND(E11=1,L11=0),AI11,"") -> 3.9 | AV11: =IF(AND(E11=1,L11=1),AG11,"") | AW11: =IF(AND(E11=1,L11=0),AG11,"") -> 10.7 | AX11: =IF(AND(E11=1,L11=1),AH11,"") | AY11: =IF(AND(E11=1,L11=0),AH11,"") -> 9.9 | AZ11: =IF(G11=1,F11,"") | BA11: =IF(AND(G11=1,L11=1),F11,"") | BB11: =IF(AND(G11=1,L11=0),F11,"") | BC11: =IF(E11=1,IF(Orders!R8>3,1,0),"") -> 0 | BD11: =IF(E11=1,IF(Orders!R8>7,1,0),"") -> 0 | BE11: =IF(E11=1,IF(Orders!L8<=1.5,"Up to 1.5 km",IF(Orders!L8<=3,"1.5–3 km","Over 3 km")),"") -> 1.5–3 km | BF11: =IF(E11=1,IF(ABS((Orders!G8-Orders!F8)*1440-Orders!R8)<0.06,1,0),"") -> 1 | BG11: =IF(ABS((Orders!F8-Orders!E8)*1440-Orders!P8)<0.06,1,0) -> 1 | BH11: =IF(E11=1,IF(IF(Orders!S8,1,0)=1-G11,1,0),"") -> 1 | BI11: =INDEX(Stores!$B$2:$B$21,MATCH(B11,Stores!$A$2:$A$21,0)) -> Bengaluru
A12: =Orders!A9 -> O00008 | B12: =Orders!C9 -> S009 | C12: =Orders!B9 -> C0171 | D12: =Orders!H9 -> Delivered | E12: =IF(Orders!H9="Delivered",1,0) -> 1 | F12: =IF(E12=1,Orders!R9,"") -> -0.7 | G12: =IF(E12=1,IF(Orders!R9>0,1,0),"") -> 0 | H12: =IF(E12=1,IF(Orders!R9>5,1,0),"") -> 0 | I12: =IF(E12=1,"",IF(OR(Orders!T9="Rider unavailable",Orders!T9="Item unavailable"),"Company-caused","Unresolved")) | J12: =IF(OR(E12=1,I12="Company-caused"),1,0) -> 1 | K12: =IF(E12=0,IF(I12="Company-caused",IF(Orders!T9="Rider unavailable","C1 Rider unavailable","C2 Item unavailable"),"Outside root: unresolved"),IF(G12=0,"A On time",IF(H12=1,IF(L12=1,"B2a Severe, peak","B2b Severe, off-peak"),IF(L12=1,"B1a Slight, peak","B1b Slight, off-peak")))) -> A On time | L12: =IF(AND(Orders!U9>=19,Orders!U9<22),1,0) -> 1 | M12: =IF(L12=IF(Orders!V9,1,0),1,0) -> 1 | N12: =IF(Orders!W9="","None",Orders!W9) -> None | O12: =INT(Orders!E9) -> 46278 | P12: =Orders!U9 -> 21 | Q12: =COUNTIFS(Demand!$A$2:$A$4481,B12,Demand!$B$2:$B$4481,O12,Demand!$C$2:$C$4481,P12) -> 1 | R12: =IF(Q12=1,SUMIFS(Demand!$E$2:$E$4481,Demand!$A$2:$A$4481,B12,Demand!$B$2:$B$4481,O12,Demand!$C$2:$C$4481,P12),"") -> 50 | S12: =INDEX(Stores!$G$2:$G$21,MATCH(B12,Stores!$A$2:$A$21,0)) -> 29 | T12: =IF(R12="","",R12/S12) -> 1.7241379 | U12: =IF(E12=1,T12,"") -> 1.7241379 | V12: =IF(AND(E12=1,L12=0),T12,"") | W12: =IF(U12="","",IF(U12<=Breakdowns!$C$5,1,IF(U12<=Breakdowns!$C$6,2,IF(U12<=Breakdowns!$C$7,3,4)))) -> 4 | X12: =IF(V12="","",IF(V12<=Breakdowns!$D$5,1,IF(V12<=Breakdowns!$D$6,2,IF(V12<=Breakdowns!$D$7,3,4)))) | Y12: =INDEX(Stores!$F$2:$F$21,MATCH(B12,Stores!$A$2:$A$21,0)) -> 2.66 | Z12: =IF(Y12>Store_Summary!$M$2,1,0) -> 0 | AA12: =INDEX(Stores!$C$2:$C$21,MATCH(B12,Stores!$A$2:$A$21,0)) -> 645 | AB12: =IF(AA12<180,1,0) -> 0 | AC12: =IF(Orders!D9="","",INDEX(Riders!$C$2:$C$81,MATCH(Orders!D9,Riders!$A$2:$A$81,0))) -> Petrol scooter | AD12: =IF(Orders!D9="","",INDEX(Riders!$D$2:$D$81,MATCH(Orders!D9,Riders!$A$2:$A$81,0))) -> 29 | AE12: =IF(Orders!D9="","",IF(INDEX(Riders!$B$2:$B$81,MATCH(Orders!D9,Riders!$A$2:$A$81,0))=B12,1,0)) -> 0 | AF12: =IF(E12=1,Orders!L9,"") -> 0.5 | AG12: =IF(E12=1,Orders!P9,"") -> 9.7 | AH12: =IF(E12=1,Orders!Q9,"") -> 9 | AI12: =IF(E12=1,Orders!M9,"") -> 1.5 | AJ12: =IF(E12=1,Orders!N9,"") -> 5.8 | AK12: =IF(E12=1,Orders!O9,"") -> 1.7 | AL12: =IF(E12=1,IF(ROUND(ABS(AI12+AJ12+AK12-AH12),6)<=0.1,1,0),"") -> 1 | AM12: =IF(E12=1,AI12/AH12,"") -> 0.16666667 | AN12: =IF(E12=1,AJ12/AH12,"") -> 0.64444444 | AO12: =IF(E12=1,AK12/AH12,"") -> 0.18888889 | AP12: =IF(E12=1,Orders!Y9,"") -> 0.48 | AQ12: =IF(Orders!X9,1,0) -> 0 | AR12: =IF(AND(E12=1,L12=1),AJ12,"") -> 5.8 | AS12: =IF(AND(E12=1,L12=0),AJ12,"") | AT12: =IF(AND(E12=1,L12=1),AI12,"") -> 1.5 | AU12: =IF(AND(E12=1,L12=0),AI12,"") | AV12: =IF(AND(E12=1,L12=1),AG12,"") -> 9.7 | AW12: =IF(AND(E12=1,L12=0),AG12,"") | AX12: =IF(AND(E12=1,L12=1),AH12,"") -> 9 | AY12: =IF(AND(E12=1,L12=0),AH12,"") | AZ12: =IF(G12=1,F12,"") | BA12: =IF(AND(G12=1,L12=1),F12,"") | BB12: =IF(AND(G12=1,L12=0),F12,"") | BC12: =IF(E12=1,IF(Orders!R9>3,1,0),"") -> 0 | BD12: =IF(E12=1,IF(Orders!R9>7,1,0),"") -> 0 | BE12: =IF(E12=1,IF(Orders!L9<=1.5,"Up to 1.5 km",IF(Orders!L9<=3,"1.5–3 km","Over 3 km")),"") -> Up to 1.5 km | BF12: =IF(E12=1,IF(ABS((Orders!G9-Orders!F9)*1440-Orders!R9)<0.06,1,0),"") -> 1 | BG12: =IF(ABS((Orders!F9-Orders!E9)*1440-Orders!P9)<0.06,1,0) -> 1 | BH12: =IF(E12=1,IF(IF(Orders!S9,1,0)=1-G12,1,0),"") -> 1 | BI12: =INDEX(Stores!$B$2:$B$21,MATCH(B12,Stores!$A$2:$A$21,0)) -> Pune
A13: =Orders!A10 -> O00009 | B13: =Orders!C10 -> S007 | C13: =Orders!B10 -> C0053 | D13: =Orders!H10 -> Delivered | E13: =IF(Orders!H10="Delivered",1,0) -> 1 | F13: =IF(E13=1,Orders!R10,"") -> -0.2 | G13: =IF(E13=1,IF(Orders!R10>0,1,0),"") -> 0 | H13: =IF(E13=1,IF(Orders!R10>5,1,0),"") -> 0 | I13: =IF(E13=1,"",IF(OR(Orders!T10="Rider unavailable",Orders!T10="Item unavailable"),"Company-caused","Unresolved")) | J13: =IF(OR(E13=1,I13="Company-caused"),1,0) -> 1 | K13: =IF(E13=0,IF(I13="Company-caused",IF(Orders!T10="Rider unavailable","C1 Rider unavailable","C2 Item unavailable"),"Outside root: unresolved"),IF(G13=0,"A On time",IF(H13=1,IF(L13=1,"B2a Severe, peak","B2b Severe, off-peak"),IF(L13=1,"B1a Slight, peak","B1b Slight, off-peak")))) -> A On time | L13: =IF(AND(Orders!U10>=19,Orders!U10<22),1,0) -> 0 | M13: =IF(L13=IF(Orders!V10,1,0),1,0) -> 1 | N13: =IF(Orders!W10="","None",Orders!W10) -> None | O13: =INT(Orders!E10) -> 46276 | P13: =Orders!U10 -> 10 | Q13: =COUNTIFS(Demand!$A$2:$A$4481,B13,Demand!$B$2:$B$4481,O13,Demand!$C$2:$C$4481,P13) -> 1 | R13: =IF(Q13=1,SUMIFS(Demand!$E$2:$E$4481,Demand!$A$2:$A$4481,B13,Demand!$B$2:$B$4481,O13,Demand!$C$2:$C$4481,P13),"") -> 18 | S13: =INDEX(Stores!$G$2:$G$21,MATCH(B13,Stores!$A$2:$A$21,0)) -> 37 | T13: =IF(R13="","",R13/S13) -> 0.48648649 | U13: =IF(E13=1,T13,"") -> 0.48648649 | V13: =IF(AND(E13=1,L13=0),T13,"") -> 0.48648649 | W13: =IF(U13="","",IF(U13<=Breakdowns!$C$5,1,IF(U13<=Breakdowns!$C$6,2,IF(U13<=Breakdowns!$C$7,3,4)))) -> 1 | X13: =IF(V13="","",IF(V13<=Breakdowns!$D$5,1,IF(V13<=Breakdowns!$D$6,2,IF(V13<=Breakdowns!$D$7,3,4)))) -> 1 | Y13: =INDEX(Stores!$F$2:$F$21,MATCH(B13,Stores!$A$2:$A$21,0)) -> 4.05 | Z13: =IF(Y13>Store_Summary!$M$2,1,0) -> 0 | AA13: =INDEX(Stores!$C$2:$C$21,MATCH(B13,Stores!$A$2:$A$21,0)) -> 661 | AB13: =IF(AA13<180,1,0) -> 0 | AC13: =IF(Orders!D10="","",INDEX(Riders!$C$2:$C$81,MATCH(Orders!D10,Riders!$A$2:$A$81,0))) -> Petrol scooter | AD13: =IF(Orders!D10="","",INDEX(Riders!$D$2:$D$81,MATCH(Orders!D10,Riders!$A$2:$A$81,0))) -> 32 | AE13: =IF(Orders!D10="","",IF(INDEX(Riders!$B$2:$B$81,MATCH(Orders!D10,Riders!$A$2:$A$81,0))=B13,1,0)) -> 0 | AF13: =IF(E13=1,Orders!L10,"") -> 1.07 | AG13: =IF(E13=1,Orders!P10,"") -> 10.8 | AH13: =IF(E13=1,Orders!Q10,"") -> 10.6 | AI13: =IF(E13=1,Orders!M10,"") -> 3.3 | AJ13: =IF(E13=1,Orders!N10,"") -> 4.1 | AK13: =IF(E13=1,Orders!O10,"") -> 3.2 | AL13: =IF(E13=1,IF(ROUND(ABS(AI13+AJ13+AK13-AH13),6)<=0.1,1,0),"") -> 1 | AM13: =IF(E13=1,AI13/AH13,"") -> 0.31132075 | AN13: =IF(E13=1,AJ13/AH13,"") -> 0.38679245 | AO13: =IF(E13=1,AK13/AH13,"") -> 0.30188679 | AP13: =IF(E13=1,Orders!Y10,"") -> 0.52 | AQ13: =IF(Orders!X10,1,0) -> 0 | AR13: =IF(AND(E13=1,L13=1),AJ13,"") | AS13: =IF(AND(E13=1,L13=0),AJ13,"") -> 4.1 | AT13: =IF(AND(E13=1,L13=1),AI13,"") | AU13: =IF(AND(E13=1,L13=0),AI13,"") -> 3.3 | AV13: =IF(AND(E13=1,L13=1),AG13,"") | AW13: =IF(AND(E13=1,L13=0),AG13,"") -> 10.8 | AX13: =IF(AND(E13=1,L13=1),AH13,"") | AY13: =IF(AND(E13=1,L13=0),AH13,"") -> 10.6 | AZ13: =IF(G13=1,F13,"") | BA13: =IF(AND(G13=1,L13=1),F13,"") | BB13: =IF(AND(G13=1,L13=0),F13,"") | BC13: =IF(E13=1,IF(Orders!R10>3,1,0),"") -> 0 | BD13: =IF(E13=1,IF(Orders!R10>7,1,0),"") -> 0 | BE13: =IF(E13=1,IF(Orders!L10<=1.5,"Up to 1.5 km",IF(Orders!L10<=3,"1.5–3 km","Over 3 km")),"") -> Up to 1.5 km | BF13: =IF(E13=1,IF(ABS((Orders!G10-Orders!F10)*1440-Orders!R10)<0.06,1,0),"") -> 1 | BG13: =IF(ABS((Orders!F10-Orders!E10)*1440-Orders!P10)<0.06,1,0) -> 1 | BH13: =IF(E13=1,IF(IF(Orders!S10,1,0)=1-G13,1,0),"") -> 1 | BI13: =INDEX(Stores!$B$2:$B$21,MATCH(B13,Stores!$A$2:$A$21,0)) -> Hyderabad
A14: =Orders!A11 -> O00010 | B14: =Orders!C11 -> S005 | C14: =Orders!B11 -> C0122 | D14: =Orders!H11 -> Delivered | E14: =IF(Orders!H11="Delivered",1,0) -> 1 | F14: =IF(E14=1,Orders!R11,"") -> -0.6 | G14: =IF(E14=1,IF(Orders!R11>0,1,0),"") -> 0 | H14: =IF(E14=1,IF(Orders!R11>5,1,0),"") -> 0 | I14: =IF(E14=1,"",IF(OR(Orders!T11="Rider unavailable",Orders!T11="Item unavailable"),"Company-caused","Unresolved")) | J14: =IF(OR(E14=1,I14="Company-caused"),1,0) -> 1 | K14: =IF(E14=0,IF(I14="Company-caused",IF(Orders!T11="Rider unavailable","C1 Rider unavailable","C2 Item unavailable"),"Outside root: unresolved"),IF(G14=0,"A On time",IF(H14=1,IF(L14=1,"B2a Severe, peak","B2b Severe, off-peak"),IF(L14=1,"B1a Slight, peak","B1b Slight, off-peak")))) -> A On time | L14: =IF(AND(Orders!U11>=19,Orders!U11<22),1,0) -> 0 | M14: =IF(L14=IF(Orders!V11,1,0),1,0) -> 1 | N14: =IF(Orders!W11="","None",Orders!W11) -> Light | O14: =INT(Orders!E11) -> 46279 | P14: =Orders!U11 -> 23 | Q14: =COUNTIFS(Demand!$A$2:$A$4481,B14,Demand!$B$2:$B$4481,O14,Demand!$C$2:$C$4481,P14) -> 1 | R14: =IF(Q14=1,SUMIFS(Demand!$E$2:$E$4481,Demand!$A$2:$A$4481,B14,Demand!$B$2:$B$4481,O14,Demand!$C$2:$C$4481,P14),"") -> 23 | S14: =INDEX(Stores!$G$2:$G$21,MATCH(B14,Stores!$A$2:$A$21,0)) -> 14 | T14: =IF(R14="","",R14/S14) -> 1.6428571 | U14: =IF(E14=1,T14,"") -> 1.6428571 | V14: =IF(AND(E14=1,L14=0),T14,"") -> 1.6428571 | W14: =IF(U14="","",IF(U14<=Breakdowns!$C$5,1,IF(U14<=Breakdowns!$C$6,2,IF(U14<=Breakdowns!$C$7,3,4)))) -> 4 | X14: =IF(V14="","",IF(V14<=Breakdowns!$D$5,1,IF(V14<=Breakdowns!$D$6,2,IF(V14<=Breakdowns!$D$7,3,4)))) -> 4 | Y14: =INDEX(Stores!$F$2:$F$21,MATCH(B14,Stores!$A$2:$A$21,0)) -> 4.89 | Z14: =IF(Y14>Store_Summary!$M$2,1,0) -> 0 | AA14: =INDEX(Stores!$C$2:$C$21,MATCH(B14,Stores!$A$2:$A$21,0)) -> 138 | AB14: =IF(AA14<180,1,0) -> 1 | AC14: =IF(Orders!D11="","",INDEX(Riders!$C$2:$C$81,MATCH(Orders!D11,Riders!$A$2:$A$81,0))) -> EV scooter | AD14: =IF(Orders!D11="","",INDEX(Riders!$D$2:$D$81,MATCH(Orders!D11,Riders!$A$2:$A$81,0))) -> 38 | AE14: =IF(Orders!D11="","",IF(INDEX(Riders!$B$2:$B$81,MATCH(Orders!D11,Riders!$A$2:$A$81,0))=B14,1,0)) -> 0 | AF14: =IF(E14=1,Orders!L11,"") -> 1.86 | AG14: =IF(E14=1,Orders!P11,"") -> 11 | AH14: =IF(E14=1,Orders!Q11,"") -> 10.4 | AI14: =IF(E14=1,Orders!M11,"") -> 3.4 | AJ14: =IF(E14=1,Orders!N11,"") -> 3.7 | AK14: =IF(E14=1,Orders!O11,"") -> 3.3 | AL14: =IF(E14=1,IF(ROUND(ABS(AI14+AJ14+AK14-AH14),6)<=0.1,1,0),"") -> 1 | AM14: =IF(E14=1,AI14/AH14,"") -> 0.32692308 | AN14: =IF(E14=1,AJ14/AH14,"") -> 0.35576923 | AO14: =IF(E14=1,AK14/AH14,"") -> 0.31730769 | AP14: =IF(E14=1,Orders!Y11,"") -> 0.44 | AQ14: =IF(Orders!X11,1,0) -> 0 | AR14: =IF(AND(E14=1,L14=1),AJ14,"") | AS14: =IF(AND(E14=1,L14=0),AJ14,"") -> 3.7 | AT14: =IF(AND(E14=1,L14=1),AI14,"") | AU14: =IF(AND(E14=1,L14=0),AI14,"") -> 3.4 | AV14: =IF(AND(E14=1,L14=1),AG14,"") | AW14: =IF(AND(E14=1,L14=0),AG14,"") -> 11 | AX14: =IF(AND(E14=1,L14=1),AH14,"") | AY14: =IF(AND(E14=1,L14=0),AH14,"") -> 10.4 | AZ14: =IF(G14=1,F14,"") | BA14: =IF(AND(G14=1,L14=1),F14,"") | BB14: =IF(AND(G14=1,L14=0),F14,"") | BC14: =IF(E14=1,IF(Orders!R11>3,1,0),"") -> 0 | BD14: =IF(E14=1,IF(Orders!R11>7,1,0),"") -> 0 | BE14: =IF(E14=1,IF(Orders!L11<=1.5,"Up to 1.5 km",IF(Orders!L11<=3,"1.5–3 km","Over 3 km")),"") -> 1.5–3 km | BF14: =IF(E14=1,IF(ABS((Orders!G11-Orders!F11)*1440-Orders!R11)<0.06,1,0),"") -> 1 | BG14: =IF(ABS((Orders!F11-Orders!E11)*1440-Orders!P11)<0.06,1,0) -> 1 | BH14: =IF(E14=1,IF(IF(Orders!S11,1,0)=1-G14,1,0),"") -> 1 | BI14: =INDEX(Stores!$B$2:$B$21,MATCH(B14,Stores!$A$2:$A$21,0)) -> Delhi
A15: =Orders!A12 -> O00011 | B15: =Orders!C12 -> S003 | C15: =Orders!B12 -> C0133 | D15: =Orders!H12 -> Delivered | E15: =IF(Orders!H12="Delivered",1,0) -> 1 | F15: =IF(E15=1,Orders!R12,"") -> -0.4 | G15: =IF(E15=1,IF(Orders!R12>0,1,0),"") -> 0 | H15: =IF(E15=1,IF(Orders!R12>5,1,0),"") -> 0 | I15: =IF(E15=1,"",IF(OR(Orders!T12="Rider unavailable",Orders!T12="Item unavailable"),"Company-caused","Unresolved")) | J15: =IF(OR(E15=1,I15="Company-caused"),1,0) -> 1 | K15: =IF(E15=0,IF(I15="Company-caused",IF(Orders!T12="Rider unavailable","C1 Rider unavailable","C2 Item unavailable"),"Outside root: unresolved"),IF(G15=0,"A On time",IF(H15=1,IF(L15=1,"B2a Severe, peak","B2b Severe, off-peak"),IF(L15=1,"B1a Slight, peak","B1b Slight, off-peak")))) -> A On time | L15: =IF(AND(Orders!U12>=19,Orders!U12<22),1,0) -> 0 | M15: =IF(L15=IF(Orders!V12,1,0),1,0) -> 1 | N15: =IF(Orders!W12="","None",Orders!W12) -> None | O15: =INT(Orders!E12) -> 46270 | P15: =Orders!U12 -> 12 | Q15: =COUNTIFS(Demand!$A$2:$A$4481,B15,Demand!$B$2:$B$4481,O15,Demand!$C$2:$C$4481,P15) -> 1 | R15: =IF(Q15=1,SUMIFS(Demand!$E$2:$E$4481,Demand!$A$2:$A$4481,B15,Demand!$B$2:$B$4481,O15,Demand!$C$2:$C$4481,P15),"") -> 37 | S15: =INDEX(Stores!$G$2:$G$21,MATCH(B15,Stores!$A$2:$A$21,0)) -> 41 | T15: =IF(R15="","",R15/S15) -> 0.90243902 | U15: =IF(E15=1,T15,"") -> 0.90243902 | V15: =IF(AND(E15=1,L15=0),T15,"") -> 0.90243902 | W15: =IF(U15="","",IF(U15<=Breakdowns!$C$5,1,IF(U15<=Breakdowns!$C$6,2,IF(U15<=Breakdowns!$C$7,3,4)))) -> 2 | X15: =IF(V15="","",IF(V15<=Breakdowns!$D$5,1,IF(V15<=Breakdowns!$D$6,2,IF(V15<=Breakdowns!$D$7,3,4)))) -> 2 | Y15: =INDEX(Stores!$F$2:$F$21,MATCH(B15,Stores!$A$2:$A$21,0)) -> 3.84 | Z15: =IF(Y15>Store_Summary!$M$2,1,0) -> 0 | AA15: =INDEX(Stores!$C$2:$C$21,MATCH(B15,Stores!$A$2:$A$21,0)) -> 426 | AB15: =IF(AA15<180,1,0) -> 0 | AC15: =IF(Orders!D12="","",INDEX(Riders!$C$2:$C$81,MATCH(Orders!D12,Riders!$A$2:$A$81,0))) -> EV scooter | AD15: =IF(Orders!D12="","",INDEX(Riders!$D$2:$D$81,MATCH(Orders!D12,Riders!$A$2:$A$81,0))) -> 45 | AE15: =IF(Orders!D12="","",IF(INDEX(Riders!$B$2:$B$81,MATCH(Orders!D12,Riders!$A$2:$A$81,0))=B15,1,0)) -> 0 | AF15: =IF(E15=1,Orders!L12,"") -> 1.3 | AG15: =IF(E15=1,Orders!P12,"") -> 8.5 | AH15: =IF(E15=1,Orders!Q12,"") -> 8.1 | AI15: =IF(E15=1,Orders!M12,"") -> 2.4 | AJ15: =IF(E15=1,Orders!N12,"") -> 3.1 | AK15: =IF(E15=1,Orders!O12,"") -> 2.6 | AL15: =IF(E15=1,IF(ROUND(ABS(AI15+AJ15+AK15-AH15),6)<=0.1,1,0),"") -> 1 | AM15: =IF(E15=1,AI15/AH15,"") -> 0.2962963 | AN15: =IF(E15=1,AJ15/AH15,"") -> 0.38271605 | AO15: =IF(E15=1,AK15/AH15,"") -> 0.32098765 | AP15: =IF(E15=1,Orders!Y12,"") -> 0.77 | AQ15: =IF(Orders!X12,1,0) -> 0 | AR15: =IF(AND(E15=1,L15=1),AJ15,"") | AS15: =IF(AND(E15=1,L15=0),AJ15,"") -> 3.1 | AT15: =IF(AND(E15=1,L15=1),AI15,"") | AU15: =IF(AND(E15=1,L15=0),AI15,"") -> 2.4 | AV15: =IF(AND(E15=1,L15=1),AG15,"") | AW15: =IF(AND(E15=1,L15=0),AG15,"") -> 8.5 | AX15: =IF(AND(E15=1,L15=1),AH15,"") | AY15: =IF(AND(E15=1,L15=0),AH15,"") -> 8.1 | AZ15: =IF(G15=1,F15,"") | BA15: =IF(AND(G15=1,L15=1),F15,"") | BB15: =IF(AND(G15=1,L15=0),F15,"") | BC15: =IF(E15=1,IF(Orders!R12>3,1,0),"") -> 0 | BD15: =IF(E15=1,IF(Orders!R12>7,1,0),"") -> 0 | BE15: =IF(E15=1,IF(Orders!L12<=1.5,"Up to 1.5 km",IF(Orders!L12<=3,"1.5–3 km","Over 3 km")),"") -> Up to 1.5 km | BF15: =IF(E15=1,IF(ABS((Orders!G12-Orders!F12)*1440-Orders!R12)<0.06,1,0),"") -> 1 | BG15: =IF(ABS((Orders!F12-Orders!E12)*1440-Orders!P12)<0.06,1,0) -> 1 | BH15: =IF(E15=1,IF(IF(Orders!S12,1,0)=1-G15,1,0),"") -> 1 | BI15: =INDEX(Stores!$B$2:$B$21,MATCH(B15,Stores!$A$2:$A$21,0)) -> Mumbai
A16: =Orders!A13 -> O00012 | B16: =Orders!C13 -> S015 | C16: =Orders!B13 -> C0106 | D16: =Orders!H13 -> Delivered | E16: =IF(Orders!H13="Delivered",1,0) -> 1 | F16: =IF(E16=1,Orders!R13,"") -> -0.2 | G16: =IF(E16=1,IF(Orders!R13>0,1,0),"") -> 0 | H16: =IF(E16=1,IF(Orders!R13>5,1,0),"") -> 0 | I16: =IF(E16=1,"",IF(OR(Orders!T13="Rider unavailable",Orders!T13="Item unavailable"),"Company-caused","Unresolved")) | J16: =IF(OR(E16=1,I16="Company-caused"),1,0) -> 1 | K16: =IF(E16=0,IF(I16="Company-caused",IF(Orders!T13="Rider unavailable","C1 Rider unavailable","C2 Item unavailable"),"Outside root: unresolved"),IF(G16=0,"A On time",IF(H16=1,IF(L16=1,"B2a Severe, peak","B2b Severe, off-peak"),IF(L16=1,"B1a Slight, peak","B1b Slight, off-peak")))) -> A On time | L16: =IF(AND(Orders!U13>=19,Orders!U13<22),1,0) -> 0 | M16: =IF(L16=IF(Orders!V13,1,0),1,0) -> 1 | N16: =IF(Orders!W13="","None",Orders!W13) -> None | O16: =INT(Orders!E13) -> 46266 | P16: =Orders!U13 -> 15 | Q16: =COUNTIFS(Demand!$A$2:$A$4481,B16,Demand!$B$2:$B$4481,O16,Demand!$C$2:$C$4481,P16) -> 1 | R16: =IF(Q16=1,SUMIFS(Demand!$E$2:$E$4481,Demand!$A$2:$A$4481,B16,Demand!$B$2:$B$4481,O16,Demand!$C$2:$C$4481,P16),"") -> 17 | S16: =INDEX(Stores!$G$2:$G$21,MATCH(B16,Stores!$A$2:$A$21,0)) -> 23 | T16: =IF(R16="","",R16/S16) -> 0.73913043 | U16: =IF(E16=1,T16,"") -> 0.73913043 | V16: =IF(AND(E16=1,L16=0),T16,"") -> 0.73913043 | W16: =IF(U16="","",IF(U16<=Breakdowns!$C$5,1,IF(U16<=Breakdowns!$C$6,2,IF(U16<=Breakdowns!$C$7,3,4)))) -> 1 | X16: =IF(V16="","",IF(V16<=Breakdowns!$D$5,1,IF(V16<=Breakdowns!$D$6,2,IF(V16<=Breakdowns!$D$7,3,4)))) -> 1 | Y16: =INDEX(Stores!$F$2:$F$21,MATCH(B16,Stores!$A$2:$A$21,0)) -> 4.66 | Z16: =IF(Y16>Store_Summary!$M$2,1,0) -> 0 | AA16: =INDEX(Stores!$C$2:$C$21,MATCH(B16,Stores!$A$2:$A$21,0)) -> 204 | AB16: =IF(AA16<180,1,0) -> 0 | AC16: =IF(Orders!D13="","",INDEX(Riders!$C$2:$C$81,MATCH(Orders!D13,Riders!$A$2:$A$81,0))) -> Petrol scooter | AD16: =IF(Orders!D13="","",INDEX(Riders!$D$2:$D$81,MATCH(Orders!D13,Riders!$A$2:$A$81,0))) -> 44 | AE16: =IF(Orders!D13="","",IF(INDEX(Riders!$B$2:$B$81,MATCH(Orders!D13,Riders!$A$2:$A$81,0))=B16,1,0)) -> 0 | AF16: =IF(E16=1,Orders!L13,"") -> 0.68 | AG16: =IF(E16=1,Orders!P13,"") -> 9.6 | AH16: =IF(E16=1,Orders!Q13,"") -> 9.4 | AI16: =IF(E16=1,Orders!M13,"") -> 4 | AJ16: =IF(E16=1,Orders!N13,"") -> 3.6 | AK16: =IF(E16=1,Orders!O13,"") -> 1.8 | AL16: =IF(E16=1,IF(ROUND(ABS(AI16+AJ16+AK16-AH16),6)<=0.1,1,0),"") -> 1 | AM16: =IF(E16=1,AI16/AH16,"") -> 0.42553191 | AN16: =IF(E16=1,AJ16/AH16,"") -> 0.38297872 | AO16: =IF(E16=1,AK16/AH16,"") -> 0.19148936 | AP16: =IF(E16=1,Orders!Y13,"") -> 0.14 | AQ16: =IF(Orders!X13,1,0) -> 0 | AR16: =IF(AND(E16=1,L16=1),AJ16,"") | AS16: =IF(AND(E16=1,L16=0),AJ16,"") -> 3.6 | AT16: =IF(AND(E16=1,L16=1),AI16,"") | AU16: =IF(AND(E16=1,L16=0),AI16,"") -> 4 | AV16: =IF(AND(E16=1,L16=1),AG16,"") | AW16: =IF(AND(E16=1,L16=0),AG16,"") -> 9.6 | AX16: =IF(AND(E16=1,L16=1),AH16,"") | AY16: =IF(AND(E16=1,L16=0),AH16,"") -> 9.4 | AZ16: =IF(G16=1,F16,"") | BA16: =IF(AND(G16=1,L16=1),F16,"") | BB16: =IF(AND(G16=1,L16=0),F16,"") | BC16: =IF(E16=1,IF(Orders!R13>3,1,0),"") -> 0 | BD16: =IF(E16=1,IF(Orders!R13>7,1,0),"") -> 0 | BE16: =IF(E16=1,IF(Orders!L13<=1.5,"Up to 1.5 km",IF(Orders!L13<=3,"1.5–3 km","Over 3 km")),"") -> Up to 1.5 km | BF16: =IF(E16=1,IF(ABS((Orders!G13-Orders!F13)*1440-Orders!R13)<0.06,1,0),"") -> 1 | BG16: =IF(ABS((Orders!F13-Orders!E13)*1440-Orders!P13)<0.06,1,0) -> 1 | BH16: =IF(E16=1,IF(IF(Orders!S13,1,0)=1-G16,1,0),"") -> 1 | BI16: =INDEX(Stores!$B$2:$B$21,MATCH(B16,Stores!$A$2:$A$21,0)) -> Delhi
... A1504: =Orders!A1501 -> O01500 | B1504: =Orders!C1501 -> S013 | C1504: =Orders!B1501 -> C0032 | D1504: =Orders!H1501 -> Delivered | E1504: =IF(Orders!H1501="Delivered",1,0) -> 1 | F1504: =IF(E1504=1,Orders!R1501,"") -> -0.5 | G1504: =IF(E1504=1,IF(Orders!R1501>0,1,0),"") -> 0 | H1504: =IF(E1504=1,IF(Orders!R1501>5,1,0),"") -> 0 | I1504: =IF(E1504=1,"",IF(OR(Orders!T1501="Rider unavailable",Orders!T1501="Item unavailable"),"Company-caused","Unresolved")) | J1504: =IF(OR(E1504=1,I1504="Company-caused"),1,0) -> 1 | K1504: =IF(E1504=0,IF(I1504="Company-caused",IF(Orders!T1501="Rider unavailable","C1 Rider unavailable","C2 Item unavailable"),"Outside root: unresolved"),IF(G1504=0,"A On time",IF(H1504=1,IF(L1504=1,"B2a Severe, peak","B2b Severe, off-peak"),IF(L1504=1,"B1a Slight, peak","B1b Slight, off-peak")))) -> A On time | L1504: =IF(AND(Orders!U1501>=19,Orders!U1501<22),1,0) -> 0 | M1504: =IF(L1504=IF(Orders!V1501,1,0),1,0) -> 1 | N1504: =IF(Orders!W1501="","None",Orders!W1501) -> Light | O1504: =INT(Orders!E1501) -> 46267 | P1504: =Orders!U1501 -> 18 | Q1504: =COUNTIFS(Demand!$A$2:$A$4481,B1504,Demand!$B$2:$B$4481,O1504,Demand!$C$2:$C$4481,P1504) -> 1 | R1504: =IF(Q1504=1,SUMIFS(Demand!$E$2:$E$4481,Demand!$A$2:$A$4481,B1504,Demand!$B$2:$B$4481,O1504,Demand!$C$2:$C$4481,P1504),"") -> 42 | S1504: =INDEX(Stores!$G$2:$G$21,MATCH(B1504,Stores!$A$2:$A$21,0)) -> 49 | T1504: =IF(R1504="","",R1504/S1504) -> 0.85714286 | U1504: =IF(E1504=1,T1504,"") -> 0.85714286 | V1504: =IF(AND(E1504=1,L1504=0),T1504,"") -> 0.85714286 | W1504: =IF(U1504="","",IF(U1504<=Breakdowns!$C$5,1,IF(U1504<=Breakdowns!$C$6,2,IF(U1504<=Breakdowns!$C$7,3,4)))) -> 2 | X1504: =IF(V1504="","",IF(V1504<=Breakdowns!$D$5,1,IF(V1504<=Breakdowns!$D$6,2,IF(V1504<=Breakdowns!$D$7,3,4)))) -> 2 | Y1504: =INDEX(Stores!$F$2:$F$21,MATCH(B1504,Stores!$A$2:$A$21,0)) -> 5.82 | Z1504: =IF(Y1504>Store_Summary!$M$2,1,0) -> 1 | AA1504: =INDEX(Stores!$C$2:$C$21,MATCH(B1504,Stores!$A$2:$A$21,0)) -> 705 | AB1504: =IF(AA1504<180,1,0) -> 0 | AC1504: =IF(Orders!D1501="","",INDEX(Riders!$C$2:$C$81,MATCH(Orders!D1501,Riders!$A$2:$A$81,0))) -> EV scooter | AD1504: =IF(Orders!D1501="","",INDEX(Riders!$D$2:$D$81,MATCH(Orders!D1501,Riders!$A$2:$A$81,0))) -> 26 | AE1504: =IF(Orders!D1501="","",IF(INDEX(Riders!$B$2:$B$81,MATCH(Orders!D1501,Riders!$A$2:$A$81,0))=B1504,1,0)) -> 0 | AF1504: =IF(E1504=1,Orders!L1501,"") -> 3 | AG1504: =IF(E1504=1,Orders!P1501,"") -> 12.8 | AH1504: =IF(E1504=1,Orders!Q1501,"") -> 12.3 | AI1504: =IF(E1504=1,Orders!M1501,"") -> 2.9 | AJ1504: =IF(E1504=1,Orders!N1501,"") -> 4.4 | AK1504: =IF(E1504=1,Orders!O1501,"") -> 5 | AL1504: =IF(E1504=1,IF(ROUND(ABS(AI1504+AJ1504+AK1504-AH1504),6)<=0.1,1,0),"") -> 1 | AM1504: =IF(E1504=1,AI1504/AH1504,"") -> 0.23577236 | AN1504: =IF(E1504=1,AJ1504/AH1504,"") -> 0.35772358 | AO1504: =IF(E1504=1,AK1504/AH1504,"") -> 0.40650407 | AP1504: =IF(E1504=1,Orders!Y1501,"") -> 0.71 | AQ1504: =IF(Orders!X1501,1,0) -> 0 | AR1504: =IF(AND(E1504=1,L1504=1),AJ1504,"") | AS1504: =IF(AND(E1504=1,L1504=0),AJ1504,"") -> 4.4 | AT1504: =IF(AND(E1504=1,L1504=1),AI1504,"") | AU1504: =IF(AND(E1504=1,L1504=0),AI1504,"") -> 2.9 | AV1504: =IF(AND(E1504=1,L1504=1),AG1504,"") | AW1504: =IF(AND(E1504=1,L1504=0),AG1504,"") -> 12.8 | AX1504: =IF(AND(E1504=1,L1504=1),AH1504,"") | AY1504: =IF(AND(E1504=1,L1504=0),AH1504,"") -> 12.3 | AZ1504: =IF(G1504=1,F1504,"") | BA1504: =IF(AND(G1504=1,L1504=1),F1504,"") | BB1504: =IF(AND(G1504=1,L1504=0),F1504,"") | BC1504: =IF(E1504=1,IF(Orders!R1501>3,1,0),"") -> 0 | BD1504: =IF(E1504=1,IF(Orders!R1501>7,1,0),"") -> 0 | BE1504: =IF(E1504=1,IF(Orders!L1501<=1.5,"Up to 1.5 km",IF(Orders!L1501<=3,"1.5–3 km","Over 3 km")),"") -> 1.5–3 km | BF1504: =IF(E1504=1,IF(ABS((Orders!G1501-Orders!F1501)*1440-Orders!R1501)<0.06,1,0),"") -> 1 | BG1504: =IF(ABS((Orders!F1501-Orders!E1501)*1440-Orders!P1501)<0.06,1,0) -> 1 | BH1504: =IF(E1504=1,IF(IF(Orders!S1501,1,0)=1-G1504,1,0),"") -> 1 | BI1504: =INDEX(Stores!$B$2:$B$21,MATCH(B1504,Stores!$A$2:$A$21,0)) -> Mumbai

Sheet Calc_Demand
A1: Calc_Demand: one row per store-hour in Demand
A2: Shows how many Orders-sheet rows fall in each store-hour. Demand counts all 128,528 orders placed; the Orders sheet holds only some of them.
A3: store_id | B3: date | C3: hour | D3: Orders placed (Demand) | E3: Peak window (1/0) | F3: Orders-sheet rows in this store-hour | G3: Has at least one Orders row (1/0) | H3: Demand rows with the same key
A4: =Demand!A2 -> S001 | B4: =Demand!B2 -> 46266 | C4: =Demand!C2 -> 8 | D4: =Demand!E2 -> 10 | E4: =IF(Demand!F2,1,0) -> 0 | F4: =COUNTIFS(c_store,A4,c_date,B4,c_hour,C4) -> 0 | G4: =IF(F4>0,1,0) -> 0 | H4: =COUNTIFS(Demand!$A$2:$A$4481,A4,Demand!$B$2:$B$4481,B4,Demand!$C$2:$C$4481,C4) -> 1
A5: =Demand!A3 -> S001 | B5: =Demand!B3 -> 46266 | C5: =Demand!C3 -> 9 | D5: =Demand!E3 -> 6 | E5: =IF(Demand!F3,1,0) -> 0 | F5: =COUNTIFS(c_store,A5,c_date,B5,c_hour,C5) -> 0 | G5: =IF(F5>0,1,0) -> 0 | H5: =COUNTIFS(Demand!$A$2:$A$4481,A5,Demand!$B$2:$B$4481,B5,Demand!$C$2:$C$4481,C5) -> 1
A6: =Demand!A4 -> S001 | B6: =Demand!B4 -> 46266 | C6: =Demand!C4 -> 10 | D6: =Demand!E4 -> 16 | E6: =IF(Demand!F4,1,0) -> 0 | F6: =COUNTIFS(c_store,A6,c_date,B6,c_hour,C6) -> 0 | G6: =IF(F6>0,1,0) -> 0 | H6: =COUNTIFS(Demand!$A$2:$A$4481,A6,Demand!$B$2:$B$4481,B6,Demand!$C$2:$C$4481,C6) -> 1
A7: =Demand!A5 -> S001 | B7: =Demand!B5 -> 46266 | C7: =Demand!C5 -> 11 | D7: =Demand!E5 -> 24 | E7: =IF(Demand!F5,1,0) -> 0 | F7: =COUNTIFS(c_store,A7,c_date,B7,c_hour,C7) -> 0 | G7: =IF(F7>0,1,0) -> 0 | H7: =COUNTIFS(Demand!$A$2:$A$4481,A7,Demand!$B$2:$B$4481,B7,Demand!$C$2:$C$4481,C7) -> 1
A8: =Demand!A6 -> S001 | B8: =Demand!B6 -> 46266 | C8: =Demand!C6 -> 12 | D8: =Demand!E6 -> 12 | E8: =IF(Demand!F6,1,0) -> 0 | F8: =COUNTIFS(c_store,A8,c_date,B8,c_hour,C8) -> 0 | G8: =IF(F8>0,1,0) -> 0 | H8: =COUNTIFS(Demand!$A$2:$A$4481,A8,Demand!$B$2:$B$4481,B8,Demand!$C$2:$C$4481,C8) -> 1
A9: =Demand!A7 -> S001 | B9: =Demand!B7 -> 46266 | C9: =Demand!C7 -> 13 | D9: =Demand!E7 -> 19 | E9: =IF(Demand!F7,1,0) -> 0 | F9: =COUNTIFS(c_store,A9,c_date,B9,c_hour,C9) -> 0 | G9: =IF(F9>0,1,0) -> 0 | H9: =COUNTIFS(Demand!$A$2:$A$4481,A9,Demand!$B$2:$B$4481,B9,Demand!$C$2:$C$4481,C9) -> 1
A10: =Demand!A8 -> S001 | B10: =Demand!B8 -> 46266 | C10: =Demand!C8 -> 14 | D10: =Demand!E8 -> 12 | E10: =IF(Demand!F8,1,0) -> 0 | F10: =COUNTIFS(c_store,A10,c_date,B10,c_hour,C10) -> 0 | G10: =IF(F10>0,1,0) -> 0 | H10: =COUNTIFS(Demand!$A$2:$A$4481,A10,Demand!$B$2:$B$4481,B10,Demand!$C$2:$C$4481,C10) -> 1
A11: =Demand!A9 -> S001 | B11: =Demand!B9 -> 46266 | C11: =Demand!C9 -> 15 | D11: =Demand!E9 -> 15 | E11: =IF(Demand!F9,1,0) -> 0 | F11: =COUNTIFS(c_store,A11,c_date,B11,c_hour,C11) -> 0 | G11: =IF(F11>0,1,0) -> 0 | H11: =COUNTIFS(Demand!$A$2:$A$4481,A11,Demand!$B$2:$B$4481,B11,Demand!$C$2:$C$4481,C11) -> 1
A12: =Demand!A10 -> S001 | B12: =Demand!B10 -> 46266 | C12: =Demand!C10 -> 16 | D12: =Demand!E10 -> 21 | E12: =IF(Demand!F10,1,0) -> 0 | F12: =COUNTIFS(c_store,A12,c_date,B12,c_hour,C12) -> 1 | G12: =IF(F12>0,1,0) -> 1 | H12: =COUNTIFS(Demand!$A$2:$A$4481,A12,Demand!$B$2:$B$4481,B12,Demand!$C$2:$C$4481,C12) -> 1
A13: =Demand!A11 -> S001 | B13: =Demand!B11 -> 46266 | C13: =Demand!C11 -> 17 | D13: =Demand!E11 -> 8 | E13: =IF(Demand!F11,1,0) -> 0 | F13: =COUNTIFS(c_store,A13,c_date,B13,c_hour,C13) -> 0 | G13: =IF(F13>0,1,0) -> 0 | H13: =COUNTIFS(Demand!$A$2:$A$4481,A13,Demand!$B$2:$B$4481,B13,Demand!$C$2:$C$4481,C13) -> 1
A14: =Demand!A12 -> S001 | B14: =Demand!B12 -> 46266 | C14: =Demand!C12 -> 18 | D14: =Demand!E12 -> 18 | E14: =IF(Demand!F12,1,0) -> 0 | F14: =COUNTIFS(c_store,A14,c_date,B14,c_hour,C14) -> 0 | G14: =IF(F14>0,1,0) -> 0 | H14: =COUNTIFS(Demand!$A$2:$A$4481,A14,Demand!$B$2:$B$4481,B14,Demand!$C$2:$C$4481,C14) -> 1
A15: =Demand!A13 -> S001 | B15: =Demand!B13 -> 46266 | C15: =Demand!C13 -> 19 | D15: =Demand!E13 -> 32 | E15: =IF(Demand!F13,1,0) -> 1 | F15: =COUNTIFS(c_store,A15,c_date,B15,c_hour,C15) -> 0 | G15: =IF(F15>0,1,0) -> 0 | H15: =COUNTIFS(Demand!$A$2:$A$4481,A15,Demand!$B$2:$B$4481,B15,Demand!$C$2:$C$4481,C15) -> 1
... A4483: =Demand!A4481 -> S020 | B4483: =Demand!B4481 -> 46279 | C4483: =Demand!C4481 -> 23 | D4483: =Demand!E4481 -> 9 | E4483: =IF(Demand!F4481,1,0) -> 0 | F4483: =COUNTIFS(c_store,A4483,c_date,B4483,c_hour,C4483) -> 0 | G4483: =IF(F4483>0,1,0) -> 0 | H4483: =COUNTIFS(Demand!$A$2:$A$4481,A4483,Demand!$B$2:$B$4481,B4483,Demand!$C$2:$C$4481,C4483) -> 1

Sheet Store_Summary
A1: Store_Summary: one row per store
A2: Store attributes come from Stores; delivered and late counts are recalculated from Orders (via Calc_Orders). Median picking time is in M2. | L2: Median avg picking (20 stores): | M2: =MEDIAN(F4:F23) -> 4.94
A3: store_id | B3: city | C3: Delivered (recalc.) | D3: Late (recalc.) | E3: Late rate | F3: Avg picking (min) | G3: Staff per shift | H3: Item availability | I3: Age (days) | J3: Slower-picking store (1/0) | K3: New store (1/0) | L3: Matches Stores summary (1/0)
A4: =Stores!A2 -> S001 | B4: =Stores!B2 -> Bengaluru | C4: =COUNTIFS(c_store,A4,c_deliv,1) -> 64 | D4: =COUNTIFS(c_store,A4,c_late,1) -> 11 | E4: =IF(C4=0,"",D4/C4) -> 0.171875 | F4: =Stores!F2 -> 4.59 | G4: =Stores!D2 -> 6 | H4: =Stores!E2 -> 0.927 | I4: =Stores!C2 -> 362 | J4: =IF(F4>$M$2,1,0) -> 0 | K4: =IF(I4<180,1,0) -> 0 | L4: =IF(AND(C4=Stores!I2,D4=Stores!K2),1,0) -> 1
A5: =Stores!A3 -> S002 | B5: =Stores!B3 -> Hyderabad | C5: =COUNTIFS(c_store,A5,c_deliv,1) -> 80 | D5: =COUNTIFS(c_store,A5,c_late,1) -> 21 | E5: =IF(C5=0,"",D5/C5) -> 0.2625 | F5: =Stores!F3 -> 2.39 | G5: =Stores!D3 -> 9 | H5: =Stores!E3 -> 0.981 | I5: =Stores!C3 -> 470 | J5: =IF(F5>$M$2,1,0) -> 0 | K5: =IF(I5<180,1,0) -> 0 | L5: =IF(AND(C5=Stores!I3,D5=Stores!K3),1,0) -> 1
A6: =Stores!A4 -> S003 | B6: =Stores!B4 -> Mumbai | C6: =COUNTIFS(c_store,A6,c_deliv,1) -> 83 | D6: =COUNTIFS(c_store,A6,c_late,1) -> 20 | E6: =IF(C6=0,"",D6/C6) -> 0.24096386 | F6: =Stores!F4 -> 3.84 | G6: =Stores!D4 -> 11 | H6: =Stores!E4 -> 0.962 | I6: =Stores!C4 -> 426 | J6: =IF(F6>$M$2,1,0) -> 0 | K6: =IF(I6<180,1,0) -> 0 | L6: =IF(AND(C6=Stores!I4,D6=Stores!K4),1,0) -> 1
A7: =Stores!A5 -> S004 | B7: =Stores!B5 -> Pune | C7: =COUNTIFS(c_store,A7,c_deliv,1) -> 70 | D7: =COUNTIFS(c_store,A7,c_late,1) -> 11 | E7: =IF(C7=0,"",D7/C7) -> 0.15714286 | F7: =Stores!F5 -> 2.19 | G7: =Stores!D5 -> 9 | H7: =Stores!E5 -> 0.949 | I7: =Stores!C5 -> 850 | J7: =IF(F7>$M$2,1,0) -> 0 | K7: =IF(I7<180,1,0) -> 0 | L7: =IF(AND(C7=Stores!I5,D7=Stores!K5),1,0) -> 1
A8: =Stores!A6 -> S005 | B8: =Stores!B6 -> Delhi | C8: =COUNTIFS(c_store,A8,c_deliv,1) -> 76 | D8: =COUNTIFS(c_store,A8,c_late,1) -> 23 | E8: =IF(C8=0,"",D8/C8) -> 0.30263158 | F8: =Stores!F6 -> 4.89 | G8: =Stores!D6 -> 7 | H8: =Stores!E6 -> 0.9 | I8: =Stores!C6 -> 138 | J8: =IF(F8>$M$2,1,0) -> 0 | K8: =IF(I8<180,1,0) -> 1 | L8: =IF(AND(C8=Stores!I6,D8=Stores!K6),1,0) -> 1
A9: =Stores!A7 -> S006 | B9: =Stores!B7 -> Bengaluru | C9: =COUNTIFS(c_store,A9,c_deliv,1) -> 58 | D9: =COUNTIFS(c_store,A9,c_late,1) -> 15 | E9: =IF(C9=0,"",D9/C9) -> 0.25862069 | F9: =Stores!F7 -> 5.22 | G9: =Stores!D7 -> 11 | H9: =Stores!E7 -> 0.886 | I9: =Stores!C7 -> 412 | J9: =IF(F9>$M$2,1,0) -> 1 | K9: =IF(I9<180,1,0) -> 0 | L9: =IF(AND(C9=Stores!I7,D9=Stores!K7),1,0) -> 1
A10: =Stores!A8 -> S007 | B10: =Stores!B8 -> Hyderabad | C10: =COUNTIFS(c_store,A10,c_deliv,1) -> 88 | D10: =COUNTIFS(c_store,A10,c_late,1) -> 27 | E10: =IF(C10=0,"",D10/C10) -> 0.30681818 | F10: =Stores!F8 -> 4.05 | G10: =Stores!D8 -> 4 | H10: =Stores!E8 -> 0.934 | I10: =Stores!C8 -> 661 | J10: =IF(F10>$M$2,1,0) -> 0 | K10: =IF(I10<180,1,0) -> 0 | L10: =IF(AND(C10=Stores!I8,D10=Stores!K8),1,0) -> 1
A11: =Stores!A9 -> S008 | B11: =Stores!B9 -> Mumbai | C11: =COUNTIFS(c_store,A11,c_deliv,1) -> 77 | D11: =COUNTIFS(c_store,A11,c_late,1) -> 25 | E11: =IF(C11=0,"",D11/C11) -> 0.32467532 | F11: =Stores!F9 -> 3.46 | G11: =Stores!D9 -> 8 | H11: =Stores!E9 -> 0.981 | I11: =Stores!C9 -> 825 | J11: =IF(F11>$M$2,1,0) -> 0 | K11: =IF(I11<180,1,0) -> 0 | L11: =IF(AND(C11=Stores!I9,D11=Stores!K9),1,0) -> 1
A12: =Stores!A10 -> S009 | B12: =Stores!B10 -> Pune | C12: =COUNTIFS(c_store,A12,c_deliv,1) -> 78 | D12: =COUNTIFS(c_store,A12,c_late,1) -> 11 | E12: =IF(C12=0,"",D12/C12) -> 0.14102564 | F12: =Stores!F10 -> 2.66 | G12: =Stores!D10 -> 5 | H12: =Stores!E10 -> 0.905 | I12: =Stores!C10 -> 645 | J12: =IF(F12>$M$2,1,0) -> 0 | K12: =IF(I12<180,1,0) -> 0 | L12: =IF(AND(C12=Stores!I10,D12=Stores!K10),1,0) -> 1
A13: =Stores!A11 -> S010 | B13: =Stores!B11 -> Delhi | C13: =COUNTIFS(c_store,A13,c_deliv,1) -> 70 | D13: =COUNTIFS(c_store,A13,c_late,1) -> 19 | E13: =IF(C13=0,"",D13/C13) -> 0.27142857 | F13: =Stores!F11 -> 5.61 | G13: =Stores!D11 -> 10 | H13: =Stores!E11 -> 0.903 | I13: =Stores!C11 -> 744 | J13: =IF(F13>$M$2,1,0) -> 1 | K13: =IF(I13<180,1,0) -> 0 | L13: =IF(AND(C13=Stores!I11,D13=Stores!K11),1,0) -> 1
A14: =Stores!A12 -> S011 | B14: =Stores!B12 -> Bengaluru | C14: =COUNTIFS(c_store,A14,c_deliv,1) -> 71 | D14: =COUNTIFS(c_store,A14,c_late,1) -> 22 | E14: =IF(C14=0,"",D14/C14) -> 0.30985915 | F14: =Stores!F12 -> 5.67 | G14: =Stores!D12 -> 5 | H14: =Stores!E12 -> 0.984 | I14: =Stores!C12 -> 732 | J14: =IF(F14>$M$2,1,0) -> 1 | K14: =IF(I14<180,1,0) -> 0 | L14: =IF(AND(C14=Stores!I12,D14=Stores!K12),1,0) -> 1
A15: =Stores!A13 -> S012 | B15: =Stores!B13 -> Hyderabad | C15: =COUNTIFS(c_store,A15,c_deliv,1) -> 53 | D15: =COUNTIFS(c_store,A15,c_late,1) -> 13 | E15: =IF(C15=0,"",D15/C15) -> 0.24528302 | F15: =Stores!F13 -> 5.23 | G15: =Stores!D13 -> 7 | H15: =Stores!E13 -> 0.891 | I15: =Stores!C13 -> 300 | J15: =IF(F15>$M$2,1,0) -> 1 | K15: =IF(I15<180,1,0) -> 0 | L15: =IF(AND(C15=Stores!I13,D15=Stores!K13),1,0) -> 1
... A23: =Stores!A21 -> S020 | B23: =Stores!B21 -> Delhi | C23: =COUNTIFS(c_store,A23,c_deliv,1) -> 73 | D23: =COUNTIFS(c_store,A23,c_late,1) -> 17 | E23: =IF(C23=0,"",D23/C23) -> 0.23287671 | F23: =Stores!F21 -> 5.74 | G23: =Stores!D21 -> 12 | H23: =Stores!E21 -> 0.982 | I23: =Stores!C21 -> 647 | J23: =IF(F23>$M$2,1,0) -> 1 | K23: =IF(I23<180,1,0) -> 0 | L23: =IF(AND(C23=Stores!I21,D23=Stores!K21),1,0) -> 1

Sheet Customer_Summary
A1: Customer_Summary: one row per customer
A2: Tickets, refunds and ratings stay at customer level; they are never copied onto order rows, so nothing is double-counted.
A3: customer_id | B3: Orders in Orders sheet | C3: Delivered (recalc.) | D3: Cancelled | E3: Late (recalc.) | F3: Late share of delivered | G3: orders_in_dataset (Customers) | H3: Matches delivered (1/0) | I3: Support tickets | J3: Refunds & credits (₹) | K3: Avg rating | L3: Main ticket reason | M3: Main reason = Late delivery (1/0)
